employee_id,name,age,salary
0,Patrick Becker,9,21229
1,Eric Zuniga,58,30834
2,Blake Andrade,40,46835
3,Taylor Peterson,58,17512
4,Karen Morgan,18,36340
5,Brian Stephenson,44,93074
6,Vincent Fischer,29,53631
7,Gary Howard,97,18814
8,Brian Nguyen,32,77739
9,Michael Chavez,90,98270
10,Brooke Williams,32,66913
11,Bonnie Bennett,86,7922
12,Michelle Green,2,6144
13,Shawn Owen,100,92859
14,Kevin Bolton,54,39362
15,Erika Hicks,35,28920
16,Amy Long,23,29596
17,Jasmin Lee,52,44743
18,John Diaz,97,48213
19,Maureen Montgomery,28,8621
20,Adam Martin,73,24407
21,Dr. Steven Ortiz,16,29567
22,Melissa Bell,16,89137
23,Melinda Scott,95,35572
24,Allen Berry,51,68262
25,Jocelyn Roman,46,96634
26,Dana Adams,89,58153
27,Tara Rios,46,18630
28,Frederick Garcia,30,4987
29,Roger Lane,25,31117
30,Willie Rios,48,8748
31,Steven Richard,4,34825
32,Karen Dunn,73,3897
33,Gregory Perez,91,2096
34,Jessica Mcbride,58,10500
35,Katherine Caldwell,99,27323
36,Derek Forbes,7,30444
37,Kim Martinez,2,7653
38,Christopher Ellison,11,52249
39,Robert Mueller,85,6984
40,Jennifer Jones,45,85351
41,Chris Rodriguez,87,14032
42,Gerald Barber,89,4005
43,Nicole Bradshaw,24,42972
44,Debra Perry,26,80849
45,David Johnson,17,51956
46,Cole Miller,84,9659
47,Thomas Beck,38,13245
48,Andrea Smith,32,97753
49,Amanda James,76,58270
50,Rachel Rojas,74,56311
51,Ricky Mcintosh,34,7153
52,Mr. Thomas Williams,96,97525
53,Judith Haney,58,21148
54,Larry Reese,93,9898
55,Monica Harris,52,6545
56,Laura Gardner,9,27143
57,Rachel Shah,76,77537
58,Charles Rodgers,13,11197
59,April Jones,8,46334
60,Jorge Harrington,75,33696
61,Noah Griffin,77,29184
62,Scott Harvey,93,60272
63,Mr. Ryan Hernandez,9,94790
64,Jonathan Kennedy,60,42766
65,Zachary Lawrence,53,53149
66,Selena Perez,90,30349
67,Ricky Butler,15,20374
68,Tracy Cole,93,83185
69,Scott Lee,69,72714
70,Marvin Smith,8,87258
71,Michael Knapp,27,18628
72,Tabitha Baker,90,93368
73,Shannon Parker,79,80058
74,Caitlin Santos,9,62486
75,Joshua Snyder,86,17702
76,Cheryl Phillips,74,66291
77,Thomas Johnson,8,38931
78,Caleb Everett,66,94923
79,Jessica Miller,49,16110
80,Thomas Reynolds,10,65584
81,Thomas Roberts,41,42448
82,Shawn Rivas,61,42620
83,Dawn Mcdowell,38,3199
84,John Watson,54,27798
85,Patrick Evans,70,6373
86,Karla Delacruz,91,77709
87,Cathy Schultz,76,34963
88,Laura Duke,42,22064
89,Robert Salazar,74,14747
90,Regina Davis,33,29404
91,Joshua Graham,74,97080
92,Sara Dennis,98,31964
93,Brittany Roberts,62,84235
94,Jason West,57,61623
95,Mr. Mark Pearson,71,74117
96,Sharon Morgan,62,85488
97,Nancy Quinn,47,16617
98,Robert Johnson,76,45295
99,Jose Ortiz,90,17512
100,Jonathan Martinez,38,31937
101,Abigail Ford,55,38758
102,Joshua Turner,44,21541
103,Alicia Morgan,59,98775
104,Sharon Ashley,22,41247
105,Darren Thornton,12,26734
106,Jason King,99,35810
107,Jamie Duarte,26,89466
108,Andrew Schneider,23,77937
109,Thomas Powell,57,78696
110,Dr. Gerald Moore PhD,25,63272
111,Sherry Carter,71,20061
112,Robert Smith,22,40272
113,Paul Williams,49,7308
114,Kevin Smith,31,64412
115,Shane Thomas,86,1656
116,Tyler Green,46,70262
117,Lindsay Dickerson,20,62572
118,Steven Green,80,34402
119,Rachel Johnson,100,83387
120,Richard Grant DDS,99,79972
121,George Pittman,20,50345
122,Melanie Williamson,19,41163
123,Jamie Torres,79,69060
124,Allison Wright,73,75039
125,Gina Hicks,87,94085
126,Miguel Willis,31,99798
127,Charles Ingram,3,22245
128,Nicholas Wilson,58,71431
129,Stacy Bradford DDS,69,98049
130,Phyllis Watson,93,46238
131,Stacy Greene,73,84353
132,Heather Morales,40,81771
133,Christopher Fisher,19,39822
134,Deanna Smith,81,99214
135,Kevin Hernandez,85,97350
136,Katie Rocha DVM,17,8631
137,David White,78,89343
138,Cynthia Stevens,21,93288
139,Dr. Melissa Rodgers,83,48037
140,Patrick Brown,66,72185
141,Jennifer Young,98,31051
142,Alexa Conner,45,34426
143,Richard Mann,57,38660
144,Brenda Rose,61,22236
145,Karen Herrera,31,6741
146,Mary Jackson,56,39464
147,Julie Shepard,29,45805
148,Diana Anderson,61,26982
149,Maria Clark,49,67153
150,Amy Taylor,80,38522
151,Amy Barrera,49,50203
152,Gary Hoover,21,75903
153,Jasmine Wise,8,88167
154,Jay Beck,70,50091
155,Jason Smith,85,58024
156,Amanda Harris,93,31232
157,Terri Andrade,27,87523
158,Shannon Davis,41,32191
159,Carolyn Short,59,54523
160,Steven Martinez,72,24177
161,Laura Lawson,45,64021
162,Amanda Young,16,75990
163,Marcus Torres,22,64658
164,John Hunt,12,91589
165,Casey Moore,82,20217
166,Victoria Thomas,78,2872
167,James Bauer,17,26208
168,Kim Gillespie,62,51791
169,David Olson,44,63303
170,Marcus Golden,54,69007
171,Gary Wood,63,82106
172,Nathan Benson,56,69512
173,Christina Jacobs,100,47171
174,Erica Ortiz,76,96936
175,Hailey Martin,60,47886
176,James Graham,58,5288
177,George Reed,24,66359
178,Kristi Buchanan,53,27385
179,Gerald Spencer,37,78539
180,Brett Newton,84,70326
181,Patricia Gross,73,53348
182,Lydia Bennett,57,12290
183,Rick Lane,8,2674
184,Anne Singh,87,98753
185,Brittany Rose,92,45630
186,Karen Davis,3,98240
187,Lisa Stone,97,46837
188,Julie Conner,57,8247
189,Michael Sims,65,13119
190,Katherine Howard,96,10829
191,Ricardo Goodwin,20,44461
192,Matthew Johnston,45,88818
193,Mary Ramos,100,6206
194,Carmen Carlson,91,11518
195,Thomas Knox,87,41919
196,Claudia Henderson,39,73222
197,Dawn Clark,25,94175
198,Christopher Bray,54,36796
199,Michael Hernandez MD,88,35818
200,Kurt Harper,50,57546
201,Dakota Pham,82,20166
202,Thomas Holmes,94,45366
203,Victoria Hunt,61,22320
204,Robin Lopez,1,67647
205,Dana Perez,66,21796
206,Jason Wells,12,77909
207,Jason Bean,92,67333
208,Julia Casey,82,78623
209,Colleen Rodgers,12,95806
210,Anna Nichols,85,6924
211,Mark Woods,86,17512
212,Charles Smith,31,66835
213,Connor Carpenter,11,87371
214,Steven Jackson,32,7873
215,Jennifer Flynn,23,76778
216,Stacey Powell,28,50879
217,Glen Hicks,77,80116
218,Samantha Bowman,13,66805
219,Anita Marquez,25,69874
220,Paige Campbell,52,53422
221,Patrick Mann,61,43928
222,Victoria Hughes,57,12466
223,Derek Morris,56,58614
224,Kevin Lopez,83,63061
225,Ryan Castro,12,50737
226,Theodore Anderson,21,99588
227,Daniel Singh,16,79250
228,Darrell Jarvis,32,98658
229,Barbara Flores,34,44565
230,Brandon Mcbride,97,15111
231,Cynthia Hood,71,73375
232,Michael Moss,55,47804
233,Brendan Fisher,88,27667
234,Elaine Watson,59,52976
235,Robert Baker,84,79161
236,Scott Miller,12,27771
237,Dawn Briggs,78,98041
238,Andrew Valdez,46,49346
239,Patrick Kennedy,38,24737
240,Andrew Diaz,2,59607
241,Deborah Watts,78,78144
242,Austin Silva,84,12462
243,Allen Taylor,89,70407
244,Tammy Tanner,33,87205
245,Carol Watts,50,52478
246,Mark Martinez,1,85928
247,Mary Cooper,73,61988
248,Kristen Davis,94,84835
249,Brittany Olson,15,20317
250,Jason Perez,21,55054
251,Marilyn Thompson,50,73735
252,Raymond Marquez,17,96353
253,Jesse Williams,49,73052
254,Ruth Rubio,48,37876
255,Ashley Harris,24,81847
256,Ethan Atkinson,71,2480
257,Vincent Padilla,32,89420
258,Jerry Gomez,56,4904
259,Holly Baker,35,35323
260,Gregory Schwartz,25,32554
261,Kim Coleman,98,91578
262,Steven Schmidt,89,82215
263,Michael Spencer,29,52473
264,Stephanie Cox,66,44519
265,Mr. Michael Baker,92,57772
266,Jessica Ross,91,57055
267,John Taylor,46,57647
268,Samantha Cobb,17,58753
269,Jessica Rose,77,12690
270,Shawn Hill,60,38120
271,Elizabeth Jones,17,4719
272,Rebecca Wang,14,37733
273,Gregory Day,59,24481
274,Charles Kelly,23,55204
275,Brent Morris,32,73491
276,Madeline Wong,56,6386
277,Melissa Cannon,31,47736
278,Donald Everett,75,70097
279,Ashley Jones,14,13133
280,Chase Blair,32,50725
281,James Sandoval,89,64912
282,Jeffrey Wells,52,82658
283,Crystal Curtis,77,65455
284,Todd Dickerson,35,41300
285,Michael Lewis,75,4495
286,Nicole Johnson,92,3319
287,Sydney Hill,25,96580
288,Christopher Tucker,49,72546
289,David Wolfe,98,87162
290,Joseph Lewis,7,42979
291,Robin Herman PhD,96,73348
292,Randy Hampton,99,2197
293,Ian Griffin,100,7201
294,Mrs. Carla Miller,6,97819
295,Kristen King DDS,45,40663
296,Samantha Warren,22,98684
297,Emma Johnson,91,11768
298,Brian Perkins,47,20645
299,Tyler Campbell,43,26633
300,Justin Rocha,93,64617
301,Lauren Hurley,91,35679
302,Wendy Griffin,72,32681
303,Dave Torres,73,11226
304,Jeff Mcdonald,40,66765
305,Connie Parker,86,37916
306,Monica Keller,86,67459
307,Mariah Campbell,59,86045
308,Chad Rivera,65,71665
309,Michaela Wilson,19,25469
310,Melissa Ferguson,45,31419
311,Trevor Glover,42,35330
312,Ashley Mcconnell,98,62039
313,Allen Barber,80,76026
314,Jason White,25,97671
315,Mr. Ryan Wade,77,23406
316,Joyce Brown,93,18557
317,John Petersen,58,20213
318,Lisa Evans,22,35684
319,Kristi Fernandez,53,50305
320,Daniel Wong,4,51495
321,Brian Hall,19,5554
322,James Wilson,14,75648
323,Raymond Barnes,23,57031
324,Audrey Gonzalez,16,46286
325,Michael Greene,33,76288
326,Charles Gay,2,96744
327,Juan Guzman,95,58854
328,Allison Hernandez,83,79618
329,Christine Myers,20,76314
330,Kristina Zimmerman,75,51504
331,Richard Gordon,69,14068
332,Melissa Davis,100,45003
333,Brian Snyder,75,45825
334,Adam Collins,87,34150
335,Virginia Erickson,18,25200
336,Christina Richardson,50,98890
337,Jaime Williams,69,9999
338,Jessica Conway,31,90965
339,Kimberly Patrick,34,16868
340,Bradley Mitchell,27,64427
341,Sara Garcia,43,55107
342,Megan Ferguson,2,79720
343,Carol Peterson,2,63777
344,Tammie Garcia,8,63668
345,Ryan Marshall,77,99122
346,Michael Brown,39,15524
347,Aaron Reed,81,86534
348,Isaiah Garcia,79,45700
349,Morgan Calderon,37,55907
350,Joel Leon,76,24057
351,Carlos Schwartz DDS,79,68234
352,Samantha Oliver,92,18440
353,Ryan Peters,34,88415
354,Marcus Shields,34,81029
355,Amy White,7,54702
356,Bonnie Martin,61,54623
357,Lisa Nelson,100,61000
358,Sara Mccann,13,45636
359,Jose Kim,83,79814
360,Angie Moreno,31,82657
361,Samuel Williams,18,29688
362,David Taylor,56,29810
363,Michael Dixon,46,35437
364,Jordan Gomez,43,68892
365,Kendra Mccormick,96,75726
366,Kevin Bush,18,75868
367,Christopher Bradley,39,82016
368,Daniel Smith,97,78857
369,Jacob Johnson,83,3533
370,Amy Klein,78,4398
371,Paul Collins,36,85077
372,Natalie Vaughan,11,92154
373,Joshua Hancock,41,52378
374,Michelle Miller,35,94451
375,Craig Evans,50,82684
376,Kaitlyn Bray,92,96153
377,Monica Glass,91,92571
378,Trevor Butler,54,24630
379,Jacob Hanna,66,99721
380,Richard Williams,1,19828
381,Meagan Collins,83,10996
382,Angel Parrish,74,68916
383,Richard Anderson,37,15143
384,Michael Snow,96,25626
385,Timothy Gonzalez,46,67293
386,Heather Mann,91,72917
387,Michael Alvarado,15,3313
388,Jonathan Miller,8,47643
389,Melissa Heath,37,25850
390,Chloe Knight,61,70517
391,Amanda Malone,4,7547
392,Michael Barton,25,24822
393,Linda Werner,93,30592
394,Jason Cole,86,11939
395,Nicole Davis,41,86051
396,Lynn Davis,78,40420
397,Bradley Patterson,20,12028
398,Barbara Salazar,64,83369
399,Natasha Gutierrez,54,72795
400,Beth Oliver,54,12322
401,Chase Ayala,10,50371
402,Jill Blevins,36,99817
403,Lauren Jones MD,59,87797
404,John Kennedy,24,32356
405,Jeffrey Roberts,19,22254
406,Kathy King,12,33188
407,Andre Watson,18,37538
408,Lindsey Avila,46,58942
409,Ashley Shaw,30,69346
410,Christopher Mays,89,75811
411,Sarah Montes,88,16751
412,Cody Taylor,84,83903
413,John Walters,47,81655
414,Cynthia Ramos,59,20391
415,Cindy Pena,31,81252
416,Lindsay Yang,68,95456
417,Samuel Romero,42,7399
418,Martin Jones,79,72291
419,Lisa Ingram,39,80605
420,Erin Scott,54,40052
421,Michael Perez,14,8394
422,Linda Richard,39,93241
423,Matthew Douglas,41,18831
424,Heather West,44,60424
425,Eugene Bowen,100,58112
426,Tina Wright,57,12240
427,Susan Robinson,29,4774
428,Justin Sandoval,36,37379
429,Lauren Ramirez,96,35855
430,Kevin Tucker,57,46914
431,Mary Decker,91,94022
432,Jacob Cook,27,14434
433,Joseph Phillips,35,74111
434,Victor Johnston,31,80576
435,Ronald Thompson,34,69074
436,Susan Lopez,73,13349
437,Sharon Herman,56,88467
438,Deborah Fisher,21,78643
439,Wanda Casey,10,77687
440,Christopher Martinez,56,73226
441,Timothy George,100,99823
442,Brittany Parker,39,19980
443,David Velez,67,21273
444,Michelle Vasquez,11,14952
445,Sabrina Brown,70,73572
446,Sara Barron,17,14119
447,Andrew Thomas,33,39871
448,Daniel Clark,71,57494
449,Jonathon Wood,75,35165
450,Rachel Werner,94,74891
451,Valerie Allen,28,43611
452,Mr. Jon Powers,30,72059
453,Carlos Richard,26,29052
454,Brenda Green,10,40230
455,Matthew Johnson,13,86876
456,Rodney Mays,27,26643
457,Kelsey Zamora,83,31924
458,Charles Martinez,53,4584
459,Ricky Lawson,70,14961
460,Mariah Rivera,33,93944
461,Andrew Morgan,34,19552
462,Beth Turner,99,42818
463,Eugene Whitney,58,56997
464,Jeffrey Castillo,78,52501
465,Pamela Williams,87,32725
466,Robin Hammond,7,94568
467,Samantha Carney,10,21079
468,Katrina Case,25,89612
469,David Sweeney,47,24103
470,Tiffany Edwards,28,43909
471,Manuel Simpson,90,16800
472,Michelle Lee,7,15197
473,Tracy Larson,37,39043
474,Felicia Martinez DDS,76,78915
475,John Wilkins,25,22208
476,Jessica Preston,24,10989
477,Stephen Cohen,58,83743
478,Kimberly Newton,75,9743
479,Richard Nguyen,85,48357
480,Jason Brown,1,82115
481,Travis Alvarado,7,86131
482,David Cox,42,37644
483,Elijah Harmon,66,11847
484,Cynthia Blackburn,73,81051
485,Emily Martinez,14,89494
486,Christian Tran,67,83506
487,Christopher Bennett,28,92068
488,Elizabeth Johnson,52,20801
489,Roger Contreras,83,69866
490,Tammy Hill,78,42950
491,Curtis Allen,74,67904
492,Brian Arias,95,46043
493,Derrick Morales,2,79421
494,William Schmidt,11,89014
495,Heidi Martinez,24,76322
496,Christopher Ryan,41,3667
497,William Ellis,80,31481
498,Philip Allen,61,68432
499,Cheryl Cruz,4,57920
500,Nicholas Franklin,40,24108
501,Jacob Klein,28,72388
502,Sarah Young,53,71870
503,David Pittman,67,36478
504,Michael Calderon,48,60201
505,Jeff Cole,59,25405
506,William Peters,12,99313
507,Chad Meyer,80,55740
508,Megan Santana,5,78778
509,Rachel Davis,62,54885
510,Brianna Mora,14,24955
511,Patricia Boone,74,25081
512,Laura Fields,38,18119
513,Richard Smith,100,61720
514,Paige Ross,62,62140
515,Arthur Love,100,76867
516,Jeremy Duffy,92,26739
517,Veronica Hamilton,72,63502
518,Nicholas Reyes,77,65856
519,William Cox,61,73040
520,Jonathan Murray,68,69539
521,Michael Lee,10,6812
522,Matthew Keller,97,91578
523,Jeffrey Wells,12,55304
524,Sarah Ware,34,61004
525,Christopher Wilson,4,84930
526,Chelsea Benjamin,24,76192
527,James Harrison,8,98428
528,Tracey Mccann,76,29634
529,Timothy Johnson,5,69795
530,Tina Rodriguez,90,62981
531,Amber Allen,49,68711
532,Kevin Marquez,15,52102
533,Jeremy Hernandez,63,53096
534,Gregory Patterson,88,55530
535,Shelley Manning,38,48649
536,Amy Moreno,20,36201
537,Dr. Katelyn Pearson DDS,63,71494
538,Christine Lozano,84,54699
539,Brandon Bowen,86,82901
540,Sydney King,21,26235
541,Hailey Velazquez,42,31070
542,Donald Mccoy,53,18383
543,Lee Whitney,42,26007
544,Timothy Hall,17,48469
545,Sarah Reynolds,65,94530
546,Terry Flores,24,67586
547,Summer Russell,100,16436
548,Cynthia Gentry,97,7203
549,Michael Oconnor,73,98379
550,Rachel Nichols,56,10415
551,Kimberly Marshall,98,76971
552,Taylor Green,94,72156
553,Lisa Hicks,26,54619
554,Theresa Bonilla,23,65873
555,Kathleen Salinas,77,9746
556,Darryl Kim,7,38859
557,Michelle Rivera,6,90241
558,Victoria Kim,14,55866
559,Cameron Peterson,35,80455
560,Carla Coleman,33,65980
561,Michael Garcia MD,72,57092
562,Barry Williams,8,71105
563,Brian Gray,93,18917
564,Richard Murphy DDS,56,35660
565,Mark Lane,6,19559
566,Aaron Wilson,100,70404
567,Brian Warren,14,42550
568,Dennis Holland,85,91540
569,Jamie Williamson,1,29946
570,Craig Dunn,21,23237
571,Tiffany Thomas,82,16229
572,Traci Chen,36,39913
573,Michelle Tucker,60,67836
574,Michelle White,99,68193
575,Mrs. Catherine Richards,53,17234
576,Daniel Petersen,16,10391
577,Christina Adams,26,98560
578,Theresa Smith,82,61682
579,Emily Gibson,28,29985
580,Jerry Doyle,49,24675
581,Laura Schmidt,79,76005
582,Heather Jackson,52,29386
583,Amy Golden,80,93706
584,Amanda Nelson,58,76158
585,Mary Sanders,14,6465
586,Steven Turner,94,38176
587,Cynthia Ellison,39,81913
588,Shawna Carpenter,41,56285
589,Jack Griffin,3,44224
590,Jessica Jones,58,45357
591,Brian Sloan,87,71168
592,Ronald Howard,88,32688
593,Sheila Sanchez,16,37608
594,Micheal Martin,42,33136
595,Tonya Smith,85,97398
596,Benjamin Perez,11,4755
597,Jessica Cunningham,76,88118
598,Tiffany Banks,55,91257
599,Karen Rogers,29,31127
600,Dawn Gomez,57,82914
601,Rebecca Blanchard,58,86825
602,Michael Powell,18,41176
603,Ethan Hughes,76,75729
604,Dwayne Hooper,35,46175
605,Isabel Mcmahon,100,55660
606,Cheryl Daniels,46,54192
607,Michelle Rodgers,14,72757
608,Justin Erickson,37,19460
609,Krista Chavez,82,22049
610,James Lynch,5,83576
611,Gregory Yates,27,88400
612,Amanda Klein,85,56767
613,William Mathis,100,17936
614,James Harris,29,77330
615,Sabrina Wise,85,31502
616,Margaret Barber,23,9865
617,Dawn Lopez,67,22832
618,Brett Gardner,54,1434
619,Kristin Wilson,99,3678
620,Timothy Christian,2,4807
621,John Jimenez,76,50367
622,Stephanie Cox,20,1058
623,George White,99,36664
624,Dylan Franklin,11,21802
625,Shane Herrera,29,80493
626,Craig Bruce,2,64711
627,Marie Chase,89,56093
628,Hunter Hernandez,84,59543
629,Kenneth Combs,32,54172
630,Yolanda Garcia,44,22823
631,Julie West,25,11176
632,Cindy Reed,97,76120
633,Sheryl Marks,44,56582
634,Richard Cabrera,77,51446
635,Theresa Farley,41,97589
636,Jonathan Hanson,62,72075
637,Audrey Pierce,48,17031
638,Samantha Rollins,85,50116
639,Rachel Rangel,31,77908
640,Tanya Harris,35,31830
641,Christina Lang,65,47001
642,Deanna Farmer,93,96317
643,Paige Hall,58,15056
644,David Smith,92,42624
645,Joseph Davidson,89,91536
646,Andrea Rogers,84,54776
647,Tiffany Rivera,65,10083
648,Joanna Garcia,13,87990
649,Cheryl Mendoza,49,47514
650,Jeremy Smith,81,7478
651,Donna Thompson,51,70376
652,Chad Brown,58,22739
653,Christian Gomez,43,24145
654,Matthew Doyle,88,2418
655,Mary Chandler,75,27611
656,Samantha Owens,63,63492
657,Andrew Carter,23,10931
658,Samuel Miller,89,89811
659,William Lopez,43,33056
660,James Miller,59,86134
661,Jessica Lawson,58,71396
662,Mary Lewis,87,72287
663,Katherine Peters,13,40525
664,Heather Jones,40,36134
665,Travis Patel,20,71152
666,Tracy Hodges,48,82246
667,Sonya Reeves,65,99182
668,Brenda Johnson,58,95513
669,Erik Cole,79,83130
670,Michael Jackson,21,32736
671,Jennifer Ochoa,33,29797
672,Jeffrey Thompson,63,87130
673,Robert Andrews,73,60326
674,Brian Webb,47,3774
675,Joshua Parker,11,8115
676,Brandon Hubbard,65,40915
677,Amy Johnson,72,13932
678,Michael Johnson,52,78507
679,Terri Phillips,3,68396
680,Mr. Michael Mcpherson DDS,25,79342
681,Christopher Rosario,70,94386
682,Ryan Smith,68,71766
683,Ryan Lambert,100,74187
684,April Tucker,40,47576
685,Lisa Mccoy,62,1634
686,Sarah Gibbs,32,68778
687,Heather Sawyer,40,36579
688,Tina Marks,93,16095
689,Mr. Joel Lamb,88,86740
690,John Manning,60,75011
691,Andrew Mills,34,9170
692,Jeffrey Brown,38,51445
693,Anita Diaz,50,77038
694,Jennifer Guerrero,34,26779
695,Allison Cox,74,67516
696,John Taylor,12,34165
697,Chris Davis,13,39990
698,Jeremy Torres,76,74886
699,Paula Rivas,16,63824
700,Dustin Wilson,61,31007
701,Jessica Nguyen,74,43316
702,Ryan Stone,81,54486
703,Michael Hunt,72,4158
704,Holly Rivers,89,14299
705,Jennifer Mcbride,40,66173
706,Maria Vasquez,68,82206
707,Johnny Russell,84,99348
708,Natalie Bailey,11,52088
709,Harry Walters,78,37717
710,Victoria Watson,38,63767
711,Martha Robinson,92,21608
712,Desiree Mcpherson,69,14635
713,Kent Taylor,66,36089
714,James Sanchez,65,67105
715,Matthew Butler,21,47012
716,Megan Lopez MD,60,65958
717,Christopher Maxwell,79,7461
718,Joseph Washington,6,71266
719,Mary Gross,65,56398
720,Roy Kim,74,45234
721,Patrick Allen,95,18405
722,Sarah Mitchell,26,74754
723,Christopher Poole,46,61898
724,Julia Walker,1,50060
725,Samantha Hill,7,67478
726,James Price,88,61255
727,Mary Hudson,79,68156
728,Donna Poole,12,75023
729,Christina Davenport,61,7106
730,Jonathan Campbell,72,29983
731,Kimberly Wright,67,18023
732,George Thompson,13,21961
733,Jared Taylor,32,94734
734,Jacqueline White,82,60633
735,John Lloyd,90,31083
736,Corey Rich,11,84085
737,Haley Proctor,89,30137
738,Jeremy Davis,94,82172
739,Karen Jackson,62,55788
740,Dwayne Acosta,65,90671
741,Cory Lang,18,42615
742,Jeremy Jenkins,37,28094
743,Joyce Cruz,67,87989
744,Mr. Anthony Bullock,8,58788
745,Mary Boyle,33,40223
746,Mr. Joseph Frazier MD,50,63201
747,Kelly Vincent,84,44075
748,Kevin Ortiz,92,48410
749,Robert Green,57,47787
750,Mike Galloway,32,84763
751,Kristi Martinez,47,36250
752,Courtney Parker,52,6599
753,Edward Reynolds,57,22074
754,Wendy Olson,48,26382
755,Kim Craig,49,9086
756,Kevin Walters,89,58967
757,Tonya Werner,24,70665
758,Betty Campos,35,33758
759,Tanya Garrett,3,4256
760,Nicole Garza,56,91715
761,Jesse Garcia,87,61675
762,Joe Glenn,34,35861
763,Scott Mckenzie,98,18337
764,Mitchell Gilmore,67,92515
765,Stanley Williams,54,35181
766,Deborah Livingston,84,89876
767,Derrick Thomas,82,70702
768,James Morrison,39,55730
769,Lisa Bowers,67,15745
770,Janice Campbell,87,72207
771,Rebecca Thomas,51,73978
772,Christina Prince,3,74176
773,Stacy Price,94,48971
774,Elizabeth Richard,70,68128
775,Nicole Rodriguez,86,33081
776,Natalie Gray,5,99901
777,Victoria Sheppard,65,42909
778,Kristin English,30,33130
779,Amanda Lopez,100,39012
780,Larry Harvey,7,68436
781,Autumn Shaffer,73,64528
782,Tracy Howard,93,4855
783,Hunter Nash,49,49318
784,Jennifer Griffin,35,54775
785,Calvin Warren,75,13314
786,Dawn Reyes,2,53671
787,David Wilson,66,18035
788,Sean Stewart,11,5010
789,Donna Smith,74,12781
790,Richard King,10,80388
791,Howard Wheeler,35,68273
792,Vanessa Stewart,33,31580
793,Zachary Johnson,90,88383
794,Jonathan Wade,74,73215
795,Martin Gonzalez,90,30143
796,Eric Henry,32,7177
797,Katherine Huerta,15,69405
798,Chad Moreno,13,9611
799,Joshua Tyler,18,21776
800,Thomas Johnson,31,26311
801,Lisa Melton,49,25854
802,Belinda Merritt,11,12690
803,Jennifer Moore,31,58693
804,Christopher Graves,72,51105
805,Joseph Pena,44,27923
806,Cheryl Burns,75,13356
807,Leslie Fitzpatrick,93,33707
808,Meghan Odonnell,86,62078
809,Christine Roberson,52,56476
810,Michelle Carson,68,80145
811,Caitlin Banks,95,6505
812,Andrew Stewart,86,30190
813,Deanna Hill,15,83577
814,Laura Butler,26,61628
815,Brittany Silva,11,34572
816,Tammy Le,86,94642
817,Heidi Hanson,83,1681
818,Bryan King,60,85927
819,William Huffman,64,89211
820,Robert Clayton,58,10054
821,Tiffany Brown,50,48218
822,Debra Williams,8,58192
823,Hunter Miranda,34,46843
824,Jill Lang,64,79261
825,Nathan Greer,69,77492
826,Natalie Ferguson,25,66000
827,Melissa Bender DVM,51,50524
828,James Hughes,21,21248
829,James Mcclain,89,2536
830,Joshua Alexander,19,6432
831,Jenna Davis,13,2824
832,Mark Joseph,75,18423
833,Wyatt Harris,84,49499
834,Linda Aguilar,12,11857
835,Carol Barnett,39,7401
836,Leah Wallace DDS,2,76867
837,Sean Moses,34,23869
838,Amy Davila,72,56240
839,Brenda Graham,94,80731
840,Brittany Bryant,21,42191
841,Amy Thompson,38,70178
842,Tracy Ross,83,7263
843,Richard Holmes,58,24794
844,Stacey Moody,61,47530
845,Andrew Henry,88,62795
846,Rebecca Brown DDS,86,65294
847,Paula Clark,62,29615
848,Michelle Soto,88,11066
849,John Thomas,27,63783
850,Shannon Clarke,41,47023
851,Cynthia Perez,42,43892
852,Austin Coffey,41,85705
853,Barbara Cross,22,5286
854,Laura Liu,46,15086
855,Matthew Moore,11,51135
856,Jennifer Ross,40,28667
857,Stacey Neal,79,42444
858,Mr. Jesse Brown DDS,10,84755
859,Kim Gonzalez,20,65727
860,Jessica Bryant,94,76879
861,Rachel Jackson,42,31330
862,Lucas Alexander,46,14879
863,Jennifer Graham,100,46472
864,Roberto Cantrell,84,5020
865,Philip Johnson,45,77053
866,Jennifer Peterson,99,19688
867,Brian Roach,97,48953
868,Andrew Dudley,11,52093
869,Janet Sims,80,70061
870,Dakota Davis,43,3335
871,Peter Khan,10,41201
872,Frank Atkins,46,70927
873,Karen Pierce,96,74136
874,Jeanne Jones,30,35555
875,Debra Trujillo,41,99865
876,Erika Williams,11,65220
877,Jason Sharp,44,43662
878,Larry Rogers,96,27205
879,Robert Torres,58,76158
880,Evan Moore,19,9271
881,Amy Kidd,85,69089
882,Amy Stewart,52,29552
883,Arthur Rivers,39,65837
884,Jennifer Colon,84,75222
885,Mrs. Kayla Garcia PhD,74,11021
886,Marcus Wilcox PhD,32,32444
887,Samuel Mendoza,3,94167
888,Eduardo Nunez,88,3075
889,Chelsea Lara,73,34407
890,Kevin Malone,85,75452
891,William Lee,92,70117
892,Cheyenne Murray,79,29293
893,Jared Sanchez,90,49799
894,Krista Jones,81,65471
895,John Lowe,77,77506
896,Paul Cole,89,61888
897,Jennifer Hernandez,61,47392
898,Thomas Beck,52,73529
899,Terri Alexander,89,2003
900,Sandra Hall,9,60547
901,Evan Prince,72,60425
902,Robert Sullivan,75,31357
903,Rebecca Hayes,92,32423
904,Julian Cabrera Jr.,65,29833
905,Beth Bridges,4,29736
906,David Nelson,72,96314
907,Matthew Mills,97,48937
908,Erin Zhang,54,7542
909,Loretta Brown,86,51836
910,Jessica Hart,90,36321
911,Casey Gomez,54,99515
912,James Robinson,11,21762
913,David Scott,89,36042
914,Tyler Cummings,29,85390
915,Todd Greene,39,26723
916,Michael Campbell,48,38728
917,Jeremy Bird,74,28065
918,Christine Tran,57,25562
919,Christopher Hale,55,15712
920,Jacqueline Howell,1,55049
921,Marc Hunt,66,60157
922,Kathleen Miller,88,77401
923,Cheryl Woods,95,33113
924,Timothy Brown,37,54431
925,Adam Myers,9,57893
926,Douglas Reyes,29,86294
927,Kathy Saunders,73,2504
928,Audrey Wilson,67,14629
929,Michael Johnson,82,90682
930,Robert Buckley,50,66271
931,Kelly Martin,64,70880
932,Judith Benjamin,74,71418
933,Richard Abbott,53,13650
934,Angela Jones,52,23609
935,Maria Myers,48,3473
936,Joshua Patton,21,3005
937,Nicholas Cain,50,98771
938,Richard Santiago,91,51786
939,Brian Torres,34,14830
940,Bryan Castro,46,12176
941,Joel Gill,95,22840
942,Carrie Becker,42,79554
943,Miguel Henderson,43,67982
944,David Reeves,22,40964
945,Linda Melendez,69,32235
946,Kristen Anderson,56,82882
947,Christina Lopez,1,49034
948,Autumn Lane,39,12048
949,Michael Medina,61,43676
950,Albert Booth,20,73914
951,Randy Thompson,13,19815
952,Melissa Miller DVM,14,21651
953,David Wood,46,52964
954,Jacob Hammond,90,31556
955,Mr. Larry Nguyen,77,48551
956,Mathew Morrison,22,54871
957,Laurie Randolph,59,43093
958,Leah Clark,54,64747
959,Ashley Larson,16,30151
960,Anna Peters,36,4956
961,Daniel Obrien,90,99753
962,Victor Henry,52,74606
963,Erica Garrison,99,30401
964,Thomas Simon,29,60053
965,Melanie Mcclain,90,85613
966,Zachary Best,99,52060
967,Kimberly Jordan,11,38934
968,Christopher Kennedy,79,69959
969,Tiffany Hensley,6,24372
970,Bob West,34,73732
971,Jacob Wagner,56,80218
972,Jeanette Huber,71,25372
973,Richard Nguyen,73,96057
974,Jessica David,69,46687
975,Gregory Ellison,8,41085
976,Gail Mcguire,75,41907
977,John Newman,76,48039
978,Jimmy Lopez,100,69941
979,Priscilla Lopez,50,54309
980,Dr. Kerry Hickman MD,44,83628
981,Ms. Shannon Walsh,92,37589
982,Douglas Moore,85,50050
983,Robert Lewis,50,32863
984,Dennis Hogan,55,81760
985,Natalie Todd,53,63217
986,Rebecca Martinez,98,61396
987,Dominique Stewart,43,78780
988,Michelle Mckinney,30,35238
989,Debra Holland,29,84646
990,Kyle Hooper,92,69152
991,Maria Warner,76,65767
992,Julie Blake,15,84716
993,Paul Zavala,83,59500
994,Matthew Ramirez,10,1610
995,Mrs. Madison Lewis,19,56560
996,Jessica Martinez,35,24025
997,Sarah Jenkins,68,24532
998,Courtney Harmon,38,91659
999,Michael Williams,87,80629
1000,Robert Rivera,100,32013
1001,Kevin Nguyen,82,98296
1002,Daniel Clark,1,51444
1003,Penny Wilson,35,63063
1004,Rebecca King,62,25724
1005,Craig White,34,80623
1006,Jacqueline Prince,99,80973
1007,Ryan Fleming,3,53128
1008,Michael Park,40,66540
1009,Jason Key,45,91412
1010,Andrew Murray,73,40653
1011,Kathy Phillips,19,52249
1012,Amy Boyd,98,41445
1013,Mackenzie Hayes,36,20986
1014,Katherine Gonzales,90,81727
1015,Michael Rodriguez,3,84388
1016,Tracy Johnson,53,92799
1017,Sherry Morse,95,89423
1018,Brittany Griffith,43,27041
1019,Carolyn Shelton,72,86829
1020,Donald Dixon,17,3306
1021,Ronald Adams,71,55920
1022,Christopher Mitchell,87,30474
1023,Dean Scott,36,19049
1024,Felicia Mccormick,60,60900
1025,Richard Patel,59,9124
1026,Robin Page,83,21167
1027,Anthony Harris,27,98467
1028,Ana Andrews,48,84873
1029,James Nguyen,11,88422
1030,Paul Kaufman,8,59809
1031,Wendy Lopez,31,86467
1032,Ryan Myers,52,5134
1033,Spencer Butler,33,32551
1034,Danny Perez,97,61514
1035,Alicia Ortega,94,91876
1036,Mr. Steven Gonzalez,9,86331
1037,Jennifer Bowen,72,4451
1038,Amy Banks,87,41381
1039,Faith Walker,59,5956
1040,Tammy Fisher,15,8626
1041,William Cox,7,16854
1042,Ryan Carney,28,45693
1043,Carol Wade,86,1784
1044,Jason Medina,14,13524
1045,Mrs. Mary Oconnell,83,91593
1046,Kristine Howard,18,68623
1047,Teresa Torres,13,59344
1048,Anthony Jacobs,38,21307
1049,Eric Ward,82,9652
1050,Adam Patterson,12,66140
1051,Brian Hernandez,44,68655
1052,Robert Neal,14,85883
1053,Tony Smith,88,27242
1054,Benjamin Adams,49,4572
1055,Patrick Douglas,5,99025
1056,Stacey Rojas,97,71169
1057,Gilbert Mendez,46,83291
1058,Kenneth Brown,97,7244
1059,James Bradley,39,68169
1060,Susan Delacruz,22,68663
1061,Zachary Walker,18,55084
1062,Jean Jenkins,8,9609
1063,Tara Williams,86,43879
1064,Carl Jones,47,83927
1065,Jennifer Lopez,29,55246
1066,Jacob Patton MD,40,94666
1067,Caitlin Buchanan,58,36625
1068,Matthew Davis,12,18582
1069,John Chang,33,60321
1070,Nancy Berger,90,32821
1071,Jason Woods,47,71664
1072,Jennifer Baker,35,69635
1073,Tammy Daniel,98,68579
1074,Daniel Williams,63,94609
1075,Ashlee Rice,98,19779
1076,Connor Fisher,86,93973
1077,Tyler Cervantes,100,79160
1078,Christine Juarez,6,8733
1079,Marcia Mann,69,53223
1080,Joshua Martinez,5,89796
1081,Daniel Johnson,84,34539
1082,John Choi,75,5829
1083,Marcus Gray,3,60522
1084,William Crawford,3,80211
1085,Justin Blevins,71,19442
1086,Justin Taylor,84,63635
1087,Erica Harris,87,35723
1088,Carrie Williams,57,23134
1089,Douglas Adkins,52,73698
1090,Anthony Edwards,33,59975
1091,Robert Griffin MD,90,99494
1092,Andrew Hayes,80,19532
1093,Joseph Young,48,74504
1094,Pedro Martinez,59,31722
1095,Jessica Summers,83,61081
1096,Laura Jones,61,63496
1097,Francisco Roberts,99,70417
1098,Anthony Roberson,96,87617
1099,Suzanne Boyd,100,80777
1100,Elizabeth Medina,26,98235
1101,Kurt Cherry,4,52663
1102,Michael Adams,16,89841
1103,Kenneth Santiago,50,38552
1104,Eric Lewis,34,92302
1105,Brooke Watson,20,17633
1106,Leslie Mays,33,47809
1107,Linda Brooks,37,97924
1108,Tracy Arias,5,79903
1109,Jonathan Douglas,92,5166
1110,Jeffrey Hopkins,70,11139
1111,Charles Baker,49,96122
1112,Willie Burns,54,59104
1113,Traci Rivera,5,49583
1114,Ivan Mcmillan,29,99073
1115,Joshua Ward,72,85039
1116,Frank Keller,92,82797
1117,Yvonne Fox,5,55899
1118,Thomas Lloyd,74,45294
1119,Ashley Mcdonald,63,82697
1120,Shelly Mccoy,74,74782
1121,Lindsey Nolan,34,32643
1122,Randy Clark,49,24624
1123,Erika Lawrence,56,12534
1124,Cathy Osborne,90,86322
1125,Crystal Lewis,98,87746
1126,Luis Stevens,72,30162
1127,Mark Case,80,75129
1128,John Barton,67,91527
1129,Maria Smith,32,38057
1130,Richard Rivera,23,16735
1131,Steven Contreras,12,81732
1132,James Hernandez,87,98262
1133,Sherri Harris,14,50667
1134,Tiffany Stone,59,59062
1135,Cynthia Figueroa,41,45002
1136,Barbara Gonzalez,7,54714
1137,Randall Crosby,1,77366
1138,David Hunt,38,7000
1139,Nicole Thompson,80,29021
1140,Mark Moreno,62,53185
1141,Rachel Barrett,4,47146
1142,Joel Le,3,59477
1143,Matthew Stevenson,50,61399
1144,Noah Bradshaw,1,81292
1145,Sara Abbott,61,14470
1146,Christopher Sanchez,39,11412
1147,Gabrielle Harris,17,73716
1148,Matthew Burke,41,50410
1149,Amy Hale,57,20534
1150,Todd Harris,99,89369
1151,Elizabeth Mcdaniel,58,39128
1152,Brian Harris,46,40221
1153,Daniel Gallegos,55,84451
1154,Jerry Atkinson,51,58400
1155,Nichole Evans,30,36994
1156,Theresa Scott,69,4262
1157,Antonio Potter,23,3122
1158,Clifford Calhoun,13,92922
1159,Abigail Erickson,44,23988
1160,Robert Morrison,24,86870
1161,David Clark,83,11607
1162,Courtney Oneal,99,71867
1163,James Chavez,77,38535
1164,Valerie Jones,93,67160
1165,Todd Riddle,94,61129
1166,David Campbell,25,83042
1167,Monica Jacobs,2,29809
1168,Cody Bennett,84,65193
1169,Sharon Morris,12,45768
1170,Eric King,34,74453
1171,Alexis Jones,75,33389
1172,Eric Henry,16,67831
1173,Melinda Davis,92,28797
1174,Christina Kennedy,18,38337
1175,Tiffany Kramer,74,87347
1176,Michele Morales,20,37265
1177,Andrew Cain,14,11165
1178,Lacey Glass,20,54217
1179,Sherry Woods,35,78473
1180,Michelle Sims,56,47218
1181,Thomas Levy,7,15295
1182,Jaime Robbins,75,37278
1183,Cameron Lawrence,42,59165
1184,Mark Taylor,67,67740
1185,Carl Knight,66,16893
1186,Erin Hunter,7,1745
1187,David Johnson,93,58047
1188,Brian Miller,33,20537
1189,James Bullock,6,63798
1190,April Johnson,20,31581
1191,Jessica Davis,45,13457
1192,Heather Hicks,29,36182
1193,Meredith Quinn,64,73288
1194,Omar Torres,93,45570
1195,Adam Evans,38,73060
1196,Joshua Bennett,44,81775
1197,Sandra Lin,28,84414
1198,Nathan Ford,41,38244
1199,Christopher Stewart,79,78563
1200,Trevor Clark,30,51704
1201,Crystal Collins,75,87840
1202,Robert Hill,48,55744
1203,Hannah Hayes,42,83000
1204,Maria Wilson,46,50722
1205,Maurice Padilla,39,24035
1206,Michael Cook,95,48761
1207,Amy Hood,57,38492
1208,Jason Ruiz,88,48693
1209,Brian Vasquez,50,86032
1210,Russell Berg,31,15104
1211,Suzanne Warren,4,36219
1212,Debbie Gross,25,73739
1213,Elizabeth Williams,90,86121
1214,Bradley Huber,22,99793
1215,Paul Anderson,58,97525
1216,Yvette Ortiz,60,94635
1217,Tracy White,21,29195
1218,Krista Rowe,44,2220
1219,Matthew Wilson,1,74493
1220,Marissa Terry,56,14210
1221,Yolanda Chang,33,27549
1222,Mark Peterson,8,57974
1223,Julie Stone,86,68031
1224,Paula Murphy,63,97297
1225,David Taylor,87,50128
1226,Lisa Allen,100,59041
1227,Mr. Alan Mcdonald,80,80224
1228,Michelle Fuller,88,97057
1229,Nicholas Carter,55,23056
1230,Karen Jones,69,68751
1231,Bryan Ray,73,74895
1232,Robert Holder,92,3421
1233,Jason Williams,100,86129
1234,George Collins,68,25166
1235,Jill Chang,75,81681
1236,Michelle Rodriguez,52,14030
1237,Joel Fox,12,22668
1238,Travis Bowman,48,46842
1239,Shane Schultz,28,13609
1240,Gina Kerr,54,20954
1241,Jacqueline Mcdonald,67,31402
1242,Michael Wade,99,89752
1243,Meredith Davis,41,66629
1244,Jennifer Hodges,71,62560
1245,Joseph Burgess,65,36145
1246,Kenneth Ward,64,72606
1247,Alyssa Morrison,97,62833
1248,Sarah Petersen,70,17780
1249,Molly Miller,72,64776
1250,Anna Brown,6,39480
1251,Kenneth Bowers,76,85414
1252,Jeanette Carlson,98,38263
1253,Ricardo Tucker,90,80389
1254,Heather Wilson,93,99295
1255,Anthony Mckinney,70,94369
1256,Randy Carroll,95,13941
1257,Troy House,59,28660
1258,Miguel Mendoza,70,14866
1259,Megan Smith,40,62250
1260,Kim Long,17,71653
1261,Ashley Johnson,98,25893
1262,Randall Hamilton,53,13498
1263,Susan Gibbs,13,24954
1264,Rebecca Brooks,93,57937
1265,Randy Hall,7,97763
1266,Mary Ward,5,39319
1267,Toni Rice,80,58677
1268,Natasha Jacobs,68,21713
1269,Joseph Harris,55,40440
1270,Sherri Hall,59,83526
1271,Laurie Hayes,72,69899
1272,Melissa Mills,25,36815
1273,Cheyenne Chavez,26,65714
1274,Emily Snyder,30,17073
1275,Jason Oconnor,60,70011
1276,Michelle Marshall,56,33987
1277,Justin Miranda,45,4362
1278,Pamela Gallagher,8,13878
1279,Dylan Allen MD,42,20832
1280,James Watson,60,38946
1281,Logan Mullins,95,48226
1282,Stacy Hendricks,51,23214
1283,Mark Cooper,86,32293
1284,Cheryl Patel,20,97895
1285,Jeanne Jackson,98,10500
1286,Amanda Boyd,94,29497
1287,Stephanie Hess,59,65702
1288,Monica Mcdowell,9,65400
1289,Paul Mcgrath,41,75542
1290,Brooke Bentley,64,34224
1291,John Hampton,48,44997
1292,James Smith,25,32762
1293,John Holt,6,98303
1294,Crystal Gonzales DDS,60,45672
1295,Mr. Anthony Wright PhD,35,90395
1296,Haley Braun,26,29060
1297,Brian Potts,79,64613
1298,Caitlin Mccoy,93,88901
1299,Sydney Avila,3,64013
1300,Sherry Schmidt,82,89623
1301,Melissa Kelley,100,17687
1302,Trevor Mitchell,97,48714
1303,Heather Adams,30,2239
1304,Kathy Barry,89,41511
1305,Shelby Phelps,100,29773
1306,April Strickland,97,39562
1307,Jason Jones,49,22605
1308,David Ware,18,49113
1309,Zachary Briggs,75,1058
1310,Willie Fischer,100,66768
1311,Larry Bailey,66,6746
1312,Nichole Santiago,73,26559
1313,Nicholas Carr,32,48718
1314,John Howell,56,47386
1315,Nicholas Kramer,71,57370
1316,Sophia Young,38,97011
1317,Sandra Perry,70,78098
1318,Lawrence Underwood,70,12995
1319,Kimberly Blackburn,55,12721
1320,Dennis Ramos,92,97530
1321,Walter Garcia,48,21683
1322,Brian Parks,51,42520
1323,Denise Odonnell,55,46556
1324,Justin Walker DDS,92,47922
1325,James Woods,67,75983
1326,Aaron Cross,96,34739
1327,Mark Wolf,44,85361
1328,Kelly Harper DDS,14,10002
1329,Lindsey Lopez,80,80858
1330,Marcus Gonzalez,32,10340
1331,Cynthia Curry,44,20717
1332,Evan Fox,54,81034
1333,Andrew Jones,8,19216
1334,Olivia Conrad,60,72666
1335,Christopher Robertson,39,69122
1336,Jose Garcia,37,6185
1337,Victoria Lopez,15,78789
1338,Susan Rush,45,94116
1339,Micheal Goodman,68,83760
1340,Justin Brooks,68,13889
1341,Gregory Walker,68,59532
1342,Matthew Ryan,97,40217
1343,Matthew White,65,89024
1344,Cathy Hancock,52,21946
1345,Ashley Snyder,70,79687
1346,Wendy Harris,21,73667
1347,Kyle Johnson,29,63896
1348,Kimberly Oliver,91,17045
1349,Jasmine Bennett,50,50254
1350,Bobby Bell,72,97104
1351,Robert Archer,7,59068
1352,Bethany Butler,1,79021
1353,Reginald Hernandez,93,24926
1354,Tara Miller,26,89150
1355,Jeffrey Holt,90,47466
1356,Terri Dillon,78,72714
1357,Michele Weiss,84,86818
1358,Eric Crawford,8,34633
1359,Alicia Jenkins,57,74696
1360,Amanda Thomas,16,4510
1361,Jack Meyer,75,31229
1362,John Houston,75,74521
1363,Melissa Wood,92,75143
1364,Katherine Olson,93,69411
1365,Natasha Curry,18,67231
1366,Cynthia Williams,70,63477
1367,Amy Cunningham,23,84655
1368,Jennifer Day,74,18416
1369,Tracey Moore,78,25448
1370,Brittney Burton,99,71923
1371,Anna Smith,60,89062
1372,Leslie Chang,59,96947
1373,Stefanie Diaz,3,59110
1374,Steven Underwood,11,94534
1375,Lisa Taylor,59,6877
1376,Eric Franklin,14,41060
1377,Jasmine Ruiz,74,11315
1378,Taylor Garcia,22,98481
1379,Ashley Cochran,44,46174
1380,Charles Baker,66,62261
1381,Brandon Mathews,46,16425
1382,Heidi Ward,25,54794
1383,Marilyn Stanton MD,28,46342
1384,Rita Stewart,64,94445
1385,Kristy Hayes,66,52704
1386,Amanda Parks,8,38283
1387,Denise Kim,97,31814
1388,Rachel Taylor,20,61138
1389,Gregory Meyer,88,13191
1390,Melissa Glenn,40,99700
1391,Ashley Smith,89,58551
1392,Yvonne Johnson,39,38579
1393,Stacy Hill,30,30918
1394,Virginia Riley,17,18805
1395,Mr. Timothy Anderson,98,73166
1396,Jeffrey Morris,23,91053
1397,Anna Davis,85,89508
1398,Ronald Long,95,23526
1399,Scott Navarro,62,94870
1400,Mary Bridges,83,78219
1401,James Rhodes,70,10492
1402,Courtney Sutton,94,59078
1403,Jeffrey Morton,67,67301
1404,Riley Tanner,50,84439
1405,Rachel Lewis MD,31,89309
1406,Hailey Snyder,99,25647
1407,Joann White,88,56360
1408,Mr. Albert Thompson,7,3344
1409,Timothy Valenzuela,62,72215
1410,Tracy Saunders,1,94057
1411,Diane Diaz,67,62736
1412,Taylor Phillips,56,95020
1413,Mike Richard,56,34033
1414,Amanda Smith,99,44529
1415,Matthew Rodriguez,61,18028
1416,Heather Jones,37,56196
1417,Stephen Patterson,28,6641
1418,Michelle Carney,27,93081
1419,Sharon Stevens,22,55272
1420,Jacqueline Oliver,53,73400
1421,Rick Gonzalez,7,70121
1422,Terri Tucker,24,14473
1423,Claire Molina,67,67131
1424,Mr. Larry Oneal,44,11884
1425,Virginia Stuart,55,83777
1426,Robert Reese,88,86444
1427,Rebecca Mccoy,65,78458
1428,Charles Silva,88,92672
1429,Robert Hardy,8,43830
1430,Michael Ashley,3,97813
1431,Duane Clark,60,65242
1432,Jack King,68,56383
1433,Mrs. Lori Mayo,52,8908
1434,Katie Oneal,59,16071
1435,Martin Johnson,13,24542
1436,Antonio Evans,86,54235
1437,Dustin Durham,71,62892
1438,Rebecca Murphy,89,58090
1439,Jonathon Pratt,60,11455
1440,Mr. Brandon Robbins,48,59587
1441,Gary Campos,79,79726
1442,Joy Bowers,41,48441
1443,Pamela Snyder,87,8039
1444,Emily Bell,35,68920
1445,Brian Rosario,61,91318
1446,Johnathan Ramirez,8,34020
1447,Nicholas Reyes,98,22759
1448,Debra Sullivan,79,92350
1449,Susan Graham,7,49920
1450,Angela Luna,18,79804
1451,Rebecca Smith,78,96796
1452,Janice Gutierrez,47,83119
1453,Heather Martin,93,8626
1454,Caitlin Spears,21,72801
1455,Susan Glass,14,49409
1456,Yvonne Wilson,25,25565
1457,Charles Silva,14,57903
1458,Adrian Washington,81,34567
1459,Carrie Galvan,89,11863
1460,Jonathan Reyes,57,85006
1461,Max Larsen,9,46656
1462,Benjamin Harrington,35,1357
1463,Christina Henderson,66,38298
1464,James Garcia,76,30215
1465,Laura Gomez,31,97755
1466,Joanne Harvey,55,17735
1467,Eddie Warren,56,79707
1468,Alan Taylor,66,4994
1469,Monica Knox,76,18311
1470,Eric Simpson,48,94109
1471,Cynthia Walton,89,82574
1472,Ruben Smith,4,81994
1473,Jill Garcia,28,32021
1474,Cassandra Moore,10,10741
1475,Brent Walker,61,98126
1476,Thomas Torres,38,56024
1477,Jesus Davis,80,47067
1478,Hannah Young,71,19480
1479,Anthony Stewart,96,36180
1480,Richard Hall,55,88214
1481,Theresa Smith,96,56675
1482,Kristi Williamson,27,60332
1483,Joseph Cooper,88,13068
1484,Victoria Adams,32,44806
1485,Kevin Fleming,90,57851
1486,Mary Dawson,90,69181
1487,Linda West,65,31038
1488,Tamara Miller,45,10097
1489,Christopher Hansen,12,15279
1490,Anthony Rush,92,34584
1491,Debra Pacheco,84,15384
1492,Jeff Odom,82,49310
1493,Colleen Walker,6,61143
1494,David Acevedo,33,73443
1495,Frank Richards,52,35867
1496,David Brown,30,55920
1497,Kenneth Santos,20,96401
1498,Renee Nguyen,12,42409
1499,Stacey Robbins,94,91870
1500,Dr. Vanessa Cook,71,49350
1501,Donald Harrell,39,52172
1502,Adam Williams,39,39216
1503,Lindsey Anderson,57,68722
1504,Anita Ruiz,4,50757
1505,Richard Lee,21,91896
1506,Daniel Berry,59,55003
1507,Michael Ramirez,13,27613
1508,Dana Medina,40,98806
1509,Bradley Holloway,16,6796
1510,Marissa Blair,17,10098
1511,James Gray,27,90658
1512,Paul Guerrero,11,37479
1513,Wayne Taylor,24,60855
1514,Vincent Mitchell,57,85124
1515,Karen David,89,70411
1516,Christopher Gilbert,15,92757
1517,Lauren Foster,24,30825
1518,Cynthia Gillespie,42,78196
1519,Monica Underwood,96,80678
1520,Jessica Johnson,50,18503
1521,Nancy Gutierrez,58,75278
1522,Dennis Bates,12,59236
1523,Joshua Powell,19,67444
1524,Dillon Gordon,27,99832
1525,John Francis,40,13638
1526,Melissa Reynolds,29,77330
1527,Robert Bennett,58,89341
1528,David Morrow,20,8829
1529,James Harris,90,42755
1530,Erik Chen,19,36095
1531,Marie Jones,35,99685
1532,Joe Ponce,84,59428
1533,Christopher Hamilton,51,35873
1534,Cynthia Hawkins DDS,1,58859
1535,Timothy Miller,80,60232
1536,Bethany Wilson,94,12953
1537,Sheila Bennett,45,18370
1538,Kurt Wilson,47,44650
1539,Riley Grant,4,44349
1540,Sara Ellis,32,99575
1541,Eric Scott,74,21339
1542,Tyler Page,39,59264
1543,John Terry,43,60885
1544,Michael Hudson,56,77344
1545,Christopher Ramirez,62,20093
1546,Brenda Hamilton,80,75365
1547,Justin Martin,11,67149
1548,Joshua Rodriguez,25,61648
1549,Alicia Brown,22,32657
1550,Megan Thompson,89,66643
1551,Mrs. Jillian Petersen,3,35277
1552,Karen Foster,70,18713
1553,Marcus Reilly,76,93268
1554,Mariah Cohen,61,81123
1555,Nicole Sandoval,38,19913
1556,Jeremy Acosta,40,58142
1557,Mary Hood,89,26720
1558,Valerie Walters,30,28377
1559,Caleb Walsh,27,34221
1560,Peter Ochoa,64,95256
1561,Eddie Duran,24,77056
1562,Teresa Barrett,57,83495
1563,Erika Murray,44,90534
1564,Jesse Williams,59,49461
1565,Mr. Mario Atkins,87,94461
1566,Madison Nguyen,29,88309
1567,Joshua Hart,88,28403
1568,Joseph Hamilton,93,65345
1569,Lucas Brown,7,94193
1570,Jason Reynolds,79,14943
1571,Mitchell Ward,2,32662
1572,Haley Thomas,18,52324
1573,Charles Chandler,77,65732
1574,Jonathan Faulkner,13,78934
1575,Wesley Roberts,99,41767
1576,Randall Evans,100,66033
1577,Zachary Hebert,76,85214
1578,Nicole Garcia,28,3084
1579,Edward Nguyen,65,21671
1580,Amanda George,61,35401
1581,Samantha Smith,71,29497
1582,Joseph King,59,13959
1583,Sandra Thomas,21,47618
1584,Carla Scott,21,75389
1585,Richard Brown,59,31497
1586,Evan Russell,39,33744
1587,Theresa Owens,17,25728
1588,Kevin Powell,60,24097
1589,Brett Wilkins,6,71490
1590,Summer Russell,95,50594
1591,Jean Gentry,62,94652
1592,Kayla Johnston,77,85712
1593,Christopher Schultz,92,39018
1594,Zachary Farley,95,58348
1595,Maria Russo,78,26646
1596,Carlos Johnston,97,16210
1597,Pedro Eaton,91,70037
1598,Brenda Ward,35,24055
1599,Tara Scott,63,47493
1600,Jeffrey West,15,92197
1601,Lisa Davis,35,88719
1602,Carmen Smith,33,15165
1603,Heather Fox,92,17448
1604,Julie Johnson,55,73920
1605,Patrick Lamb,49,1435
1606,Anthony Smith,40,73408
1607,David Payne,11,37508
1608,Russell Campbell,96,62866
1609,Randy Lopez,12,52716
1610,James Lewis,40,68943
1611,Jacqueline Smith,34,87689
1612,Courtney Russell,51,50728
1613,Bobby Boyd,65,16207
1614,Paul Day,53,87279
1615,Wendy Mitchell,17,63884
1616,Sean Dunn,32,84343
1617,Maria Foster,57,82093
1618,Ashley Tucker,43,38987
1619,Kelly Davis,77,50440
1620,Andrea Hudson,94,99571
1621,Jonathan Newton,85,26945
1622,Priscilla Oconnor,49,67316
1623,Christopher Rodriguez,21,78252
1624,Michael Wallace,70,32880
1625,Miss Kimberly Cox,19,62836
1626,Lisa Obrien,46,9378
1627,Alan Krause,11,90473
1628,Charles Chapman,85,20544
1629,Kari Williams,49,11108
1630,Tracy Olson,84,39423
1631,Richard Cohen,12,88080
1632,Rachel King,14,23515
1633,Steven Richardson,44,17721
1634,Ashley Moore,12,23407
1635,Caitlin Goodwin,2,82855
1636,Marisa Jennings,90,70313
1637,Traci Reid,28,80063
1638,Rachel Barnett,63,42166
1639,Cody Perry,8,49758
1640,Brian Gay,54,27697
1641,Angela Newton,68,58909
1642,Thomas Weber,65,94652
1643,Douglas Smith,63,57569
1644,Taylor Hamilton,4,61712
1645,Shaun Livingston,62,84507
1646,Antonio Guerra,76,43425
1647,Brandon Alvarez,82,24952
1648,Sarah Saunders,2,78218
1649,Jesus Welch,7,65891
1650,Amy Esparza,3,19616
1651,Joel Griffin,68,11191
1652,Linda Mcgee,27,5578
1653,Kevin Schultz,47,45081
1654,Matthew Mcmahon,92,85789
1655,Tom Mora,26,55196
1656,David Day,96,77994
1657,Mary Dickerson,24,13130
1658,Megan Cannon,9,37860
1659,Cody Burch,6,58396
1660,Diane Thompson,42,99423
1661,Tina Thompson,46,82030
1662,Casey Nolan,51,6742
1663,Jessica Kelly MD,8,43299
1664,Kathryn Trevino,90,45514
1665,Kristen Bradley,95,18474
1666,Angela Wright,56,71526
1667,Jose Castro,47,3722
1668,Jose Henderson,31,67275
1669,Ernest Huang,71,91463
1670,Lisa Lynn,25,12536
1671,Benjamin Dougherty,20,28703
1672,Pamela Watson,7,38200
1673,Jasmine Willis,20,45871
1674,Jacqueline Lopez,41,65191
1675,Stephen Wilson,46,71651
1676,Tammy Sanders,47,48484
1677,Mary Perez,55,6409
1678,Jeffrey Nunez,27,69474
1679,Nathaniel Gomez,54,2791
1680,Catherine Harrington,47,38201
1681,Heather Sanchez,62,98588
1682,Robert Reid,13,81049
1683,Zachary Miller,62,5155
1684,Karina Tucker,6,85189
1685,Sarah Johnson,74,35102
1686,Jacob Gomez,53,60284
1687,John Garner,95,18325
1688,Travis Beasley,68,77791
1689,Natalie Finley,8,44535
1690,Roger Chavez,79,18483
1691,Katie Morales,11,12145
1692,Michael Mitchell,39,14313
1693,Carolyn Hill,26,52746
1694,Alejandra Griffin,100,13785
1695,Douglas Pierce,19,54513
1696,Katherine Rivera,97,76935
1697,Gina Ramirez,79,31255
1698,Angela Elliott,98,28573
1699,Sherri Mckenzie,80,22614
1700,Jason Clark,68,45414
1701,Danielle Wallace,13,44969
1702,Wendy Carr,56,10253
1703,Samantha Watts,85,78120
1704,Michael Anderson,86,73938
1705,Alison Miller,90,88363
1706,Denise Rose,5,66078
1707,Sandra Martinez,30,56293
1708,Shannon Davis,89,95743
1709,Charles Patel MD,97,61625
1710,Lauren Williams,96,38189
1711,Dr. Erin Dougherty MD,30,14416
1712,Eric Morgan,43,40819
1713,John Saunders,12,51428
1714,Adrian Mendez,14,76156
1715,Alejandra Patrick,59,33738
1716,Erin Fields DDS,79,53852
1717,Adriana Lara,66,83637
1718,Erika Quinn,31,82114
1719,Susan Gomez,31,42501
1720,Tammy Fuentes,71,31614
1721,Emily Alexander,7,53863
1722,Kristen Roberts,26,66446
1723,Erik Erickson,69,28082
1724,Connor Flynn,22,38410
1725,Shelly Gould,58,23480
1726,Karen Thomas,11,73376
1727,Mr. Michael Hale,61,70305
1728,Kelli Keller,27,51717
1729,Darren Cooper,52,72325
1730,Edward Carter,25,24456
1731,Justin Christensen,91,88348
1732,Nicholas Hernandez,24,49263
1733,Courtney Stewart,81,67930
1734,Dr. Michael Trevino,45,30268
1735,Andrea Delgado,5,14473
1736,Vincent Lopez,75,58552
1737,Marc Suarez,64,62073
1738,William Harris,28,82828
1739,Amber Brown,67,71493
1740,Susan Patterson,99,80514
1741,Chase Turner,37,68570
1742,Jennifer Martinez,98,58927
1743,Robert Charles,6,3811
1744,Larry Graham,13,18232
1745,David Vincent,53,20354
1746,Amber Green,52,74947
1747,Barbara Harvey,54,11083
1748,Samuel Brooks,83,49247
1749,Jon Brown MD,89,5906
1750,Michelle Mclean,98,64790
1751,Carol Mueller,26,68678
1752,Norma Savage,11,85953
1753,Tracey Hess,16,91661
1754,Jerry Howard,13,98839
1755,Patricia Terry,56,20835
1756,Eric Park,55,50869
1757,Veronica Fowler,8,17801
1758,Tammy Perez,1,68193
1759,Angela Conway,51,50636
1760,Brian Olson,56,42118
1761,Jessica Chase,37,91532
1762,Matthew Rodriguez,37,40301
1763,Benjamin Oneill,9,70129
1764,Christopher Lam,11,28113
1765,Lucas Ramirez,66,12150
1766,Robert Mendez,95,90356
1767,Rebecca Davis,16,38861
1768,Kevin Schmidt,35,34819
1769,Sara Lopez,9,87549
1770,Jared Turner,12,40457
1771,Daniel Rivers,34,45430
1772,Timothy Mitchell,40,6045
1773,Audrey Hart,48,37511
1774,Jennifer Thomas,68,94992
1775,Kristine Martinez,68,65345
1776,Brandon Lopez,46,78609
1777,Jared Alvarez PhD,60,44038
1778,Ryan Smith,97,18605
1779,Scott Anthony,37,14364
1780,Elijah Frank,62,77323
1781,Dr. Alice Wagner,44,94604
1782,Jose Leon,69,75855
1783,Frank Gonzalez,99,85510
1784,Heather Green,91,26342
1785,Sarah Malone,50,26644
1786,Rebecca Baker MD,26,35926
1787,Anthony Carter,38,57801
1788,Jennifer Miranda,58,88334
1789,Sarah Dixon,85,3393
1790,Crystal Arnold,5,67472
1791,Michelle Curtis,15,61905
1792,Alex Cooper,54,11137
1793,Andrew Hunt,85,75286
1794,Angela Bailey,93,73096
1795,Dylan Keller,34,34985
1796,Monica Anderson,99,83233
1797,Brittany Patton,24,28562
1798,Michele Wheeler,7,25602
1799,Dawn Nash,20,20506
1800,Sheryl Rangel,43,76007
1801,Kimberly Freeman,24,62140
1802,Erin Smith,26,80851
1803,Kristin Valdez,72,47342
1804,Paul Mendez,74,45803
1805,Michael Barron,37,84147
1806,Rhonda Chandler,12,31723
1807,Claudia Cook,34,13594
1808,Matthew Carter,71,40147
1809,Regina Schroeder,50,10912
1810,Samantha Martinez,76,59738
1811,Courtney Clark,17,99861
1812,Lori Thomas,13,57674
1813,Sarah Mccann,3,34778
1814,Joshua Edwards,55,47775
1815,Alexander Gonzalez,70,30125
1816,Robert Buchanan,93,52501
1817,Benjamin Lang,42,52326
1818,Thomas Martinez,55,49701
1819,Jennifer Reyes,76,74370
1820,Jason Taylor,40,98936
1821,Steven Washington,16,44992
1822,Bryan Medina,39,85934
1823,Sarah Cross,87,11759
1824,Kyle Anderson,99,31835
1825,Heather Douglas,62,53021
1826,Bryan Prince,98,90655
1827,Ricardo Hill,99,52726
1828,Brian Reed,35,87015
1829,Amanda Thompson,78,90657
1830,Wayne Blackwell,62,17358
1831,Amanda Jordan,71,90172
1832,Meagan Williams,82,23966
1833,Teresa Aguilar,90,40626
1834,Anthony Black,64,86260
1835,Alicia Clark,71,39746
1836,Shannon Gibson,83,26978
1837,Joanna Walls,39,94985
1838,Edward Webb,9,61863
1839,Brandon Cox,21,82470
1840,Linda Baldwin,87,87401
1841,Jackson Cooper,98,8302
1842,Lisa James,28,8166
1843,Tammy Carr,5,48225
1844,Brian Dawson,37,36230
1845,Susan Moses PhD,89,87026
1846,Jeffrey Padilla,73,36688
1847,Jonathan Morris,29,24281
1848,Francisco Russell,92,68269
1849,Kevin Ruiz,81,81774
1850,Crystal Aguilar,48,8374
1851,Jordan Kane,69,64676
1852,Brandon Jones,29,42680
1853,Daniel Cannon,48,86192
1854,Melissa Wolf,45,56203
1855,Brian Watkins,51,90138
1856,Darrell Smith,79,42090
1857,Dylan Elliott,32,73095
1858,Michael Smith,14,70574
1859,Wendy Ross,82,8852
1860,Debra Farmer,2,66382
1861,Kyle Shaffer,92,56515
1862,Walter Obrien,15,65874
1863,Elizabeth Warren,81,19319
1864,Anna Livingston,51,97193
1865,Margaret Collier,98,95166
1866,Michelle Fischer,79,17681
1867,Jennifer Mata,56,70901
1868,Heather Smith,65,44434
1869,Daniel Pugh,24,56615
1870,Kristine Johnston,88,7300
1871,Krystal Cunningham,56,56414
1872,Robert Young,100,1323
1873,Michael Davis,98,56640
1874,Brooke Sims,87,13644
1875,Anthony Conley,89,66604
1876,Nicole Ramirez,12,41551
1877,Evelyn Kim,16,19188
1878,Ashley Hernandez,9,43072
1879,Michael Maynard,62,14809
1880,Dave Gray,33,81001
1881,Derek Smith,23,43915
1882,Lee Shields,23,73441
1883,Nicole Anthony,73,1659
1884,Whitney Manning,86,59411
1885,Terri Watson,62,38659
1886,Rodney Gregory,10,48878
1887,Jon Hardy,83,57223
1888,Sydney Robinson,66,37098
1889,Tammy Hart,57,76023
1890,Sean Mueller,67,75088
1891,Toni James,26,25052
1892,Chris Black,49,77676
1893,Casey Salinas,63,77557
1894,Wendy Perkins,81,22317
1895,Anne Watson,51,4004
1896,Megan Cox,20,94245
1897,Michelle Woods,7,21803
1898,Lisa Johnson,46,63862
1899,Jerry Hall,37,40330
1900,Robert Banks,87,22016
1901,Dennis Gibson,100,19537
1902,Eric Wilson,43,52301
1903,John Rice,37,75998
1904,Meghan Taylor,41,69366
1905,Gina Nguyen,19,33698
1906,Dennis Doyle,53,35723
1907,Johnathan Mcdonald,24,12290
1908,Aaron Smith,57,40983
1909,Tracey Holt,83,75942
1910,Ronald Turner,45,72331
1911,Loretta Morris,40,33272
1912,Andrew Gonzales,47,71197
1913,Hannah Jackson,16,15693
1914,Maria Dominguez MD,96,88177
1915,Tiffany Williams,59,76817
1916,Hector Cook,36,94484
1917,Miss Ashley Spencer,2,22160
1918,Michael Larson,39,62420
1919,Manuel Watson,67,95552
1920,Stephanie Woodard,11,42999
1921,Christopher Shelton,66,81715
1922,Victor Clay,75,8602
1923,Jonathan Morgan,4,64903
1924,Dr. Ruben James,89,27405
1925,Melissa Griffin,51,48784
1926,Chad Park,69,13832
1927,Jill Johnson,70,38036
1928,Brian Lewis,37,49974
1929,Jessica Booker,5,95079
1930,Sarah Smith DDS,82,74917
1931,Mark Munoz,93,75598
1932,Michael Castillo,82,89307
1933,Patricia Brown,49,65427
1934,Laura Warner,91,68138
1935,Manuel Figueroa,92,12772
1936,Christopher Lloyd,69,79675
1937,Sheri Salas,27,52344
1938,Mary Hughes,97,56228
1939,Jose Scott,77,40783
1940,William Davenport,32,16141
1941,David Lloyd,27,49254
1942,Alan Green,38,76997
1943,Jose Parks,47,47348
1944,Gabriel Gibson,4,5602
1945,Joan Fernandez,93,85119
1946,Mr. Ronald Johnson V,20,4289
1947,Jim Blackwell,46,10711
1948,Aaron Martin,49,92017
1949,Joseph Wilson,79,95301
1950,Angel Anderson,1,99464
1951,Mr. Larry Moore MD,85,22549
1952,James Diaz,30,17092
1953,William Long,99,57585
1954,Susan Thompson,63,12469
1955,Laurie Macdonald,9,95654
1956,Ian Lewis,35,23949
1957,Nancy Allen,49,84097
1958,Barbara Johnson,87,60460
1959,Jose Crawford,9,18007
1960,Zachary Ramirez,20,34481
1961,Jonathan Johnson,49,13828
1962,Kristina Leach,40,18484
1963,Keith Porter,77,90563
1964,Dwayne Garza III,53,97506
1965,David Robertson,4,42385
1966,Michael Gray,72,36631
1967,Benjamin Garner,14,45129
1968,Megan Miller,94,5420
1969,Ashley Flynn,76,76771
1970,Elijah Foster,99,90841
1971,Connor Douglas,34,92554
1972,Anthony West,86,93611
1973,Jessica Archer,76,82413
1974,Gregory Kline,99,93724
1975,Steven Henderson,98,99082
1976,Ryan Ramirez PhD,71,15405
1977,Leslie Jones,76,72595
1978,Michael Forbes,93,51892
1979,Casey Ray,78,47001
1980,Norma Baker,12,79032
1981,Patricia Hooper,52,65079
1982,Roger Johnson,12,74889
1983,Casey Anderson,30,23696
1984,Deborah Cox,1,38024
1985,Joshua Zuniga,89,82820
1986,Katie Knox,28,10102
1987,Jordan Davis,51,12754
1988,Brian Schwartz,42,2450
1989,Renee Wallace,93,94309
1990,Lauren Nichols,42,61005
1991,Drew Lane,58,30728
1992,John Moore,32,3553
1993,Richard Hartman,87,53923
1994,Ellen Klein,10,83867
1995,Rachel Fisher,50,82273
1996,Robert Gomez,42,15503
1997,Holly Dillon,93,40846
1998,Katherine Lozano,49,82932
1999,Sean Hatfield,76,6622
2000,Kathleen Krueger,71,9913
2001,Jody Pratt,40,6488
2002,Sean Ho,8,99340
2003,Ray Perry,6,74700
2004,Victoria Martin,63,33717
2005,Elizabeth Holmes,26,25787
2006,Todd Carroll DVM,10,60700
2007,Stephanie Davis,19,28725
2008,Tony Howard,42,25475
2009,Randy Evans,9,10063
2010,Rebecca Sutton,3,4666
2011,Mark Patrick,9,70162
2012,Jodi Camacho,71,39791
2013,Jesse Smith,65,45718
2014,Sonya Young,17,54089
2015,Brian Burnett,46,94971
2016,Jesse Hall,64,32322
2017,Michael Malone,29,80014
2018,Christopher Graham,32,5548
2019,Whitney Ferguson,62,7153
2020,Michael Norris,47,51801
2021,Jason Hernandez,11,21827
2022,Andrew Jones,76,33492
2023,Christopher Lopez,6,29945
2024,Sophia Rogers,86,45239
2025,Luke Kennedy,63,70784
2026,Cindy Gibson,59,22498
2027,Patricia Soto,35,74729
2028,Mary Murphy,61,69313
2029,Kylie Lynch,38,33404
2030,Lisa Patterson,19,17868
2031,Gregory Johnson,23,71380
2032,Sarah Oneill,29,34950
2033,Amanda Ramirez,58,53451
2034,Dennis Barber,62,34199
2035,Scott Hall,48,68996
2036,Gary Gonzales,15,94752
2037,Christopher Friedman,23,50821
2038,Kenneth Miller,91,75081
2039,Benjamin Downs,7,35821
2040,Cameron Stanley,43,48894
2041,Linda Horton,37,98474
2042,Kenneth Mata,74,86640
2043,Jonathan Turner,69,49512
2044,Nathan Lewis,85,79188
2045,Joseph Costa,86,56792
2046,Robin Hernandez,87,11641
2047,Caitlin Hays,50,81030
2048,Tara Perez,99,37383
2049,Catherine Olsen,47,43655
2050,William Walker,96,6891
2051,Marie Ferguson,66,32436
2052,William Baker,25,41940
2053,Randy Norton,23,90408
2054,Connor Jackson,12,84072
2055,Chad Howard,68,34514
2056,Glenn Matthews,14,91739
2057,Cynthia Steele,14,67961
2058,John Brooks,50,35981
2059,Ashley Johnson,34,35904
2060,Meghan Hall,48,55390
2061,Joyce Chambers,60,87816
2062,Meghan Austin,26,65261
2063,Jennifer Davis,58,95971
2064,April Anderson,36,15070
2065,Michael Rasmussen,12,92484
2066,Lisa Clark,14,54231
2067,Mitchell Thomas,48,6615
2068,Joann Perry,92,4815
2069,Lisa Mccullough,3,66106
2070,Victoria Duncan,1,63606
2071,Elizabeth Williams,18,3380
2072,Jeffrey West,94,40339
2073,Gail Jennings,2,41972
2074,Logan Hooper,7,68377
2075,Raven Rodriguez,82,65098
2076,Tammy Johnson,31,53153
2077,Matthew Kelley,34,99026
2078,Carol Reynolds,64,72664
2079,Mr. Paul Riley II,10,72093
2080,Melissa Robinson,80,90701
2081,Jennifer Webb,100,50440
2082,Lee Ford,47,88410
2083,Danielle Hahn,15,63265
2084,Daniel Sullivan,8,26810
2085,Kimberly Martinez,2,80070
2086,Steven Murray,62,62980
2087,James Williams,73,35557
2088,Dr. Gabrielle Hernandez,1,94083
2089,Charles Gonzalez PhD,8,22106
2090,Craig James,35,29733
2091,Jennifer Robinson,45,18511
2092,Keith Smith,68,62068
2093,Michael Walker,34,44269
2094,Crystal Weaver,2,28767
2095,Stephanie Rhodes,82,73533
2096,Anthony Haas,41,74012
2097,Julie Hoover,62,34549
2098,Patricia Davenport,19,9473
2099,Jared Huff,58,13724
2100,Brian Johnson,41,83006
2101,Meghan Fernandez,46,23500
2102,Antonio James,62,98183
2103,Kenneth Kelley,72,81507
2104,Joshua Gross,89,25859
2105,Cynthia Parsons,65,19881
2106,Stephanie Richardson,42,37058
2107,Andrew Salas,62,55165
2108,Taylor Bennett,21,13411
2109,David Campbell,16,51607
2110,Charles Bowen,20,60102
2111,Tyler Kelly,5,33544
2112,Wendy Jackson,30,94004
2113,Jeremiah Brooks DDS,77,13164
2114,Michael Mills,23,81175
2115,Pamela Martin,93,17698
2116,Mrs. Kari Baker DVM,85,66602
2117,David Velez,6,77517
2118,Lindsey Crosby,49,72505
2119,Diana Williams,68,54863
2120,Shelley Powers,6,31768
2121,Shane Stafford,63,2322
2122,Richard Thompson,41,67594
2123,Jason Santos,54,50248
2124,Jennifer Daniels,95,76461
2125,Brittany Hernandez,41,24033
2126,Christopher Young,57,26227
2127,Tyler Fields,75,13554
2128,Stephanie Wise,98,30140
2129,Mallory Robinson,88,27608
2130,Chelsea Martinez,10,83421
2131,Christine Stewart,57,82653
2132,Shelly Huang,31,66679
2133,Andrew Johnson,59,75491
2134,Cassie Bradford,87,14069
2135,Katrina Gonzalez,23,41331
2136,Christopher Gonzales,65,65398
2137,Lisa Morris,39,29499
2138,Ashley Joseph,94,87682
2139,Cynthia Griffin,93,47605
2140,Paula Collier,32,33670
2141,Maria Martin,97,78052
2142,Robert Mills,30,22244
2143,Tiffany Foster,70,87581
2144,Frank Leblanc,72,47844
2145,Eddie Lynn,19,31451
2146,Sierra Mitchell,14,45461
2147,Brian Petty,15,34739
2148,Jeffrey Sanders,44,23866
2149,Shannon Jackson,36,52030
2150,Leslie Spence,44,20896
2151,Scott Smith,9,53062
2152,Cynthia Lane,39,21542
2153,Bernard Barker,24,26947
2154,Dr. Dakota Adams,88,11160
2155,Eric Costa,38,23218
2156,William Landry,2,65083
2157,Pamela Robertson,75,81344
2158,Monica Greer,99,33058
2159,Michael Ortiz,8,43307
2160,Catherine Davis,90,46970
2161,Dwayne Mitchell,41,65993
2162,Howard Adams,77,29676
2163,Gabriel Morton,21,3083
2164,Danielle Short,89,19399
2165,Marilyn Lynn,26,55255
2166,Nicole Villanueva,86,40193
2167,Hayley Durham,71,8977
2168,Victoria Brown,25,65008
2169,Kevin Barker,38,19711
2170,Heather Rodriguez,5,18379
2171,Kenneth Johnson,84,69050
2172,Brenda Lewis,50,84562
2173,Gregory Whitaker,32,96438
2174,Amber Davis,27,10669
2175,Jennifer Cunningham,40,72413
2176,Gwendolyn Rodriguez,3,79361
2177,Steven Wright,25,99470
2178,Sherry Long,65,58968
2179,Olivia Cabrera,60,63762
2180,Jared Gordon,46,78601
2181,Michelle Torres,92,80180
2182,Danielle Frazier,55,63958
2183,Ashley Burke,28,58270
2184,Alejandro Smith,35,97641
2185,Christopher Ramos,76,23129
2186,Abigail Harvey,55,38374
2187,Christopher Wallace,81,31862
2188,Tracy Huffman,8,67241
2189,William Greene,72,75203
2190,Donna Aguirre,49,41201
2191,Lawrence Armstrong,3,47349
2192,Kaitlyn Murphy PhD,11,80297
2193,Allison Smith,24,81785
2194,Micheal Shields,38,21928
2195,Mark Gutierrez,98,90786
2196,Kelli Hancock,16,69433
2197,Ruben Richardson,41,99821
2198,Lisa Ramirez,68,93132
2199,Heather Fields MD,92,44353
2200,Joel Long,1,43693
2201,Tracey Willis,73,62788
2202,Amber Santiago,95,58053
2203,Heather Holder,28,76505
2204,Anita Ray,99,86654
2205,Robert Hernandez,62,97183
2206,Anthony Peterson,68,4520
2207,Matthew Hamilton,44,31904
2208,Monique Cabrera,32,39343
2209,Stephanie Moore,52,57315
2210,Christopher Garrison,11,43021
2211,Vincent Lopez,66,42528
2212,Courtney Glenn,46,70403
2213,Matthew Lopez,4,65422
2214,Jonathan Levine,75,40346
2215,Kelly Combs,92,77392
2216,Dr. Robert Osborn,44,14786
2217,Leah Herrera,50,63129
2218,Allison Martin,43,82135
2219,Megan Maldonado,15,3527
2220,Kimberly Little,81,63846
2221,Holly Davis,4,5731
2222,Lisa Perry,98,51682
2223,Lauren Harrison,33,80896
2224,Andrea Williams,55,53910
2225,Shawn Galvan,7,18508
2226,Mackenzie Smith,100,49383
2227,Regina Ewing,39,66374
2228,Tara Jackson,71,16195
2229,Hannah Perez,36,82581
2230,Roberto Jackson,20,94858
2231,Frank Coleman,21,88804
2232,Rachel Liu,16,76471
2233,Danielle Torres,1,31502
2234,Richard Perez,6,58880
2235,Bruce Smith,94,9625
2236,Jonathan Tanner,54,62073
2237,Gail Vaughn,55,29541
2238,Steven Austin,88,81522
2239,Monica Coffey,89,65816
2240,Pamela Smith,65,91272
2241,Matthew Morris,16,35285
2242,Dr. Suzanne Rocha,3,56067
2243,Terry Berg,99,67911
2244,Ashley Miller,32,55231
2245,Sheryl Johnson,13,36623
2246,Brianna Wallace,35,21382
2247,James Henderson,14,92693
2248,Austin Stone,14,10616
2249,Anthony Cox,38,51726
2250,Robert Gray,72,22547
2251,Alex Le,100,89648
2252,Garrett Gilmore,98,90629
2253,David Barnett,13,88975
2254,Matthew Munoz,43,5616
2255,Emma King,70,15676
2256,Tyrone Day,99,22640
2257,Michael Gonzales,9,55665
2258,Sara Ho,14,95898
2259,Nicole Noble,28,87216
2260,Gary Jackson,45,98461
2261,Scott Beck,78,62806
2262,Bryan Sexton,96,94887
2263,Victoria Mcpherson,98,5703
2264,Cheryl Williams,43,84241
2265,Caitlyn Kaufman,20,66265
2266,Michael Mcgee,91,1075
2267,Michelle Martin,82,69536
2268,Kyle Martinez,17,86929
2269,Todd Rodgers,41,41757
2270,Sherri Zimmerman,22,92006
2271,Jonathan Watson,57,67930
2272,Timothy Martinez,66,13357
2273,Bruce Mason,9,88506
2274,Renee Parsons,22,66703
2275,Mary Scott,100,28555
2276,David Yates,38,39166
2277,Crystal Parker,94,77920
2278,Christopher Combs,79,16060
2279,Michael Harris,1,35241
2280,Pamela Goodwin,59,50534
2281,Michelle Campbell,71,55472
2282,James Montgomery,1,97322
2283,Allison Armstrong,22,65901
2284,Barbara Whitney,33,48143
2285,Angela Brown,17,39013
2286,Teresa Fowler,51,86140
2287,Paul Hayes,68,91355
2288,Mr. Samuel Hernandez PhD,100,97690
2289,Jeffery Moore,6,59515
2290,Angela Taylor,35,42043
2291,Matthew Phillips,50,31692
2292,Rita Henderson,35,14044
2293,Elizabeth Lopez,53,87390
2294,Robert Gonzales,49,85759
2295,Paul Duncan,63,11462
2296,Mary Guerra,65,34741
2297,Cristian Olson,30,2533
2298,Emily Wright,29,56335
2299,Cheryl Baker,15,91231
2300,Jason Trujillo,77,57859
2301,Howard Williams,62,97939
2302,Martha Evans,96,36975
2303,Tiffany Bowen,31,72819
2304,Olivia Luna,48,97310
2305,Tyler Flores,85,91959
2306,Andrew Jones,16,51431
2307,William Cummings,69,84430
2308,Traci Rocha,32,74525
2309,Carlos Snyder,31,9940
2310,Scott Moore,72,67423
2311,Jake Rodriguez,5,75071
2312,Stacey Davila,85,25509
2313,Mark Trujillo,75,23091
2314,Jennifer Hudson,53,5300
2315,Jacqueline Moss,88,9267
2316,Joseph Mclaughlin,28,9033
2317,Paul Kim,88,88902
2318,Kelsey Henson,39,33192
2319,Marcus Thompson,79,97304
2320,Mark Davidson,49,7762
2321,Danielle Jimenez,47,43056
2322,Michelle Martinez,21,29465
2323,Doris Moran,85,59402
2324,Robert Shannon,40,33484
2325,Robert Cobb,10,85575
2326,Maria Jackson,7,91335
2327,Eric Holmes,63,43606
2328,Connie Jensen,95,25215
2329,Jasmine Robbins,56,49421
2330,Christopher Bell,46,51839
2331,William Wilson,49,75765
2332,Kevin Brock PhD,63,88764
2333,Stephen Keller,97,33705
2334,Adam Jones,43,49683
2335,Jon Trevino,97,15427
2336,Donna Smith,19,54366
2337,Richard Anderson,20,37646
2338,Travis Olson,73,43849
2339,Jennifer Diaz,1,13498
2340,Mary Haley,81,16072
2341,Melissa Woods,83,34074
2342,Clarence Brown,66,62009
2343,Ronald Harrell,43,36865
2344,Sandra Huerta,23,67219
2345,Brett Sanders,7,32385
2346,Daniel Simon,97,18332
2347,Steven Palmer,82,42012
2348,Katherine Moss,94,33236
2349,Randy Carr,51,51913
2350,Rebecca Bradley,33,76718
2351,Joseph Robinson,27,21982
2352,Travis Williams,37,87607
2353,Jimmy Howard,26,75402
2354,Nicole Wood,1,86883
2355,Timothy Daniels,42,6731
2356,Tiffany Bradley,63,74216
2357,Billy Martin,96,91904
2358,Aaron Long,72,34507
2359,Eric Perez,13,94873
2360,Donna Alexander,6,23696
2361,Heather Scott,35,67005
2362,Joseph Baker,76,66115
2363,Brad Martinez,4,13519
2364,Christopher Brown,78,69118
2365,Timothy Franklin,86,97443
2366,Reginald Morgan,88,70198
2367,Eddie Mckee,54,94317
2368,Deanna Anderson,37,68019
2369,Dana Hill,17,38351
2370,Barry Knight,49,63373
2371,Donna Kelly,60,49978
2372,Dawn Warner,23,17347
2373,Madison Adams,23,1891
2374,Linda Sloan,73,16519
2375,Karen Webb,39,84306
2376,Tiffany Cruz,12,99332
2377,Ryan Jimenez,9,34900
2378,Nicole Baker,47,82917
2379,Joshua Mitchell,64,35712
2380,Lee Jenkins,95,31811
2381,Jeremy Cline,70,11473
2382,Jasmine Reyes,83,14828
2383,Mr. Christian Hicks,74,93155
2384,James Cruz,100,60368
2385,Kelly Rodriguez,45,31602
2386,Jeffrey Buckley,1,11880
2387,Andrea Hawkins,21,29377
2388,Julie Carrillo,2,14897
2389,Adam Lewis,19,26607
2390,Amy Calderon,7,73543
2391,Marissa Williams,12,59010
2392,Samantha Chan,51,37486
2393,Raymond White,67,21510
2394,Eric George,24,82142
2395,Mark Savage,79,56074
2396,Beth Dawson,37,89975
2397,Michelle Moreno,92,88118
2398,Dale Vaughn,84,1578
2399,Alan Freeman,30,80150
2400,Jeanette King,68,95291
2401,Ryan Butler,79,40287
2402,Mitchell Hoffman,42,27962
2403,Bruce Miller Jr.,85,25473
2404,Nicole Allen,10,80057
2405,Todd Gray,79,82374
2406,Paul Dean,29,23853
2407,Anthony Lowery,95,84383
2408,Benjamin Potter,78,15463
2409,Phillip Lynch,31,37702
2410,Jason Sanchez,86,93047
2411,Chad Jimenez,72,64617
2412,Kyle Howard,79,74451
2413,Peter Ortiz,87,77677
2414,Darlene Rogers,12,76462
2415,Nicole Douglas,69,92819
2416,Misty Chavez,66,84959
2417,Julia Harper,12,54892
2418,Janice Richards,62,8870
2419,Corey Gonzalez,74,59234
2420,Andrew Shelton,26,86265
2421,Jeremy Le,60,15430
2422,Linda Gonzalez,97,77866
2423,Denise Colon,17,38428
2424,Chelsea Lambert,66,45916
2425,William Mcdaniel,69,99463
2426,Matthew Clark,89,90987
2427,Leah Lopez,78,27526
2428,Emily Carrillo,83,97453
2429,Thomas Moreno,20,71770
2430,Kimberly Choi,93,60488
2431,Corey Ayala,28,12644
2432,Corey Pena,59,67510
2433,David Taylor,93,2294
2434,Blake Moore,73,74546
2435,Cassandra Davis,51,91203
2436,Ian Peters,30,51599
2437,Ellen Roberts,2,29506
2438,Kristina Jacobson,8,49149
2439,Heather Brennan,26,84849
2440,Shaun Wilson,93,84911
2441,Mary Luna,27,47688
2442,Karen Chang,7,65166
2443,Joseph Smith,73,38316
2444,Katrina Shields,27,26940
2445,Erin Hamilton,89,29123
2446,Christine Tate,42,36551
2447,David Mendoza,41,58159
2448,Jeffrey Frost,12,12061
2449,Erin Howard,76,61802
2450,Karen Watson,52,88810
2451,Lauren Santos,4,29935
2452,Kelsey Mcdonald,82,13709
2453,Caroline Fox,4,59247
2454,Renee Ortiz,34,48226
2455,Ernest Chan,44,18509
2456,Selena Tucker,75,19444
2457,Caitlin Vasquez,38,33645
2458,Kayla Hill,60,17620
2459,Allison Rodriguez,24,12500
2460,Vincent Summers,34,89784
2461,Patricia Jordan,63,83666
2462,Lauren Robertson,45,84946
2463,Gerald Bryant,42,34504
2464,James West,98,18906
2465,Susan Diaz,60,10037
2466,Jennifer Kramer,50,33486
2467,Kirsten Jones,47,84045
2468,Cindy Smith,96,79234
2469,Sally Smith,55,15344
2470,Shannon Jenkins,79,96383
2471,Chloe Romero,21,78740
2472,Anna Little,26,73428
2473,Brandon Ingram,75,67340
2474,Edward Howard,78,96320
2475,Kenneth Landry,35,52517
2476,George Mays,90,32841
2477,Meghan Frank,36,70932
2478,Lance Chung,27,43656
2479,Jacob Higgins,74,96656
2480,Jodi Cardenas,17,68843
2481,Michele Griffith,37,44272
2482,Mario Jennings,10,99560
2483,Jonathan Medina,3,98627
2484,Larry Murphy,52,66346
2485,Sean Rodriguez,44,62761
2486,Angela Solis,91,60870
2487,Eddie Roberts DVM,81,55982
2488,Ethan Vincent,5,41744
2489,Jason Levine,97,86127
2490,Ann Briggs,3,99445
2491,Michael Davis,76,62038
2492,Michael Moore,85,27932
2493,Jennifer King,80,36672
2494,Patty Giles,74,32251
2495,Jennifer Oneal,44,67917
2496,Steve Mcdowell,80,30157
2497,Barry Robinson,97,65066
2498,Sergio Gardner,42,94075
2499,David Nelson,84,87880
2500,Alexander Hernandez,10,88716
2501,Holly Williams,91,79065
2502,Dustin Foster,49,95566
2503,Robert Rodriguez,42,49561
2504,Grace Fisher,34,9296
2505,Jeremy Yang,49,87656
2506,Hunter Smith,68,65733
2507,Adam Bradford,99,62584
2508,Ronald Sloan,98,64904
2509,Olivia Cantrell,27,63061
2510,Katherine Buchanan,25,39182
2511,Johnny Miller,49,20127
2512,April Dunn,81,65273
2513,Alex Briggs,87,98921
2514,Jon Kelly,62,65642
2515,Joshua Brown,14,55407
2516,Mary Robbins,12,33206
2517,Jessica Owen,3,61800
2518,Laura Moses,53,24747
2519,Jason Hughes,94,22296
2520,Mrs. Michelle Velazquez DDS,76,9918
2521,Adam Mitchell,19,46416
2522,Timothy Mercado,69,28969
2523,Scott Steele,87,12331
2524,Paige Knapp,18,60525
2525,Melvin Oliver,76,86796
2526,Jamie Atkins,89,25433
2527,Sean Murphy,86,7649
2528,Paul Ray,77,97221
2529,James Thomas,98,24719
2530,Michael Flores,71,8739
2531,Austin Harris,61,20513
2532,Patrick Schneider,53,80541
2533,David Green,15,39194
2534,Sarah Bradley,68,65560
2535,Samantha Rangel,12,80179
2536,Larry Simpson,82,31608
2537,Nichole Allen,68,9118
2538,Michelle Baker,39,35820
2539,Anna Brown,35,29848
2540,Kimberly Adams,35,53204
2541,Joel Gonzalez,16,15440
2542,Stephen Clark,30,72022
2543,Charles Jenkins,83,81784
2544,Jacqueline Brown,29,57901
2545,Sophia Logan,16,88864
2546,Allen Riddle,39,52663
2547,Breanna Turner,47,58514
2548,Diane Schmidt,100,27059
2549,Jason Adams,6,48481
2550,Amy Phillips,76,17741
2551,Nancy Nelson,69,42956
2552,Mitchell Jackson,60,55445
2553,Tiffany Johnson,55,53670
2554,Pamela Cochran,15,62793
2555,Evan Davis,4,58137
2556,Jennifer Hale,82,7720
2557,Deborah Arnold,23,1679
2558,Christopher Maxwell,89,22135
2559,Heather Hill,67,62079
2560,Michelle Murray,93,25999
2561,Joseph Liu,15,40403
2562,Debra Nichols,53,79255
2563,Carolyn Edwards,97,19114
2564,Dustin Robles,24,71782
2565,Michael Vasquez,60,10082
2566,Brian Patel,30,14617
2567,Kaitlyn Green,5,8175
2568,Christopher Meza,43,64991
2569,Jason Mckenzie,12,18996
2570,Amanda Lewis,2,69430
2571,Kimberly King,75,61474
2572,Ryan Ford,28,60116
2573,James Preston,88,22808
2574,Tracy Stewart,32,53008
2575,Ana Gordon,14,42449
2576,Victoria Boyd,62,63524
2577,David Smith,24,14785
2578,Amy Stevenson,32,74300
2579,Tony Barnes,75,81931
2580,Marcia Lawson,27,28195
2581,Michael Sanchez,45,14818
2582,Lynn Santiago,13,89612
2583,Brooke Brown,7,79710
2584,Alexander Evans,44,77351
2585,Matthew Palmer,38,6955
2586,David Nelson,57,50592
2587,Joel Henson,37,71264
2588,Courtney Compton,93,44399
2589,Gina Smith,35,9153
2590,Dennis Reed,83,31039
2591,Diana Thomas,68,7305
2592,Dr. Paul Leonard,61,37689
2593,Michael Herman,87,21401
2594,Lisa Burton,37,79598
2595,Rhonda Ward,9,52409
2596,Danielle Smith,26,8946
2597,John Wood,12,15254
2598,April Morris,77,45566
2599,Stacy Mendoza,91,3062
2600,Danielle Guerra,82,94034
2601,Eric Smith,29,76196
2602,Austin Vaughan,45,34146
2603,Sharon Murphy,16,66785
2604,Mr. John Powers,99,32685
2605,Michelle Rodriguez,75,13451
2606,Kevin Johnston,36,72399
2607,Jeffrey Cantrell,48,38014
2608,Jeffrey Guzman,10,58660
2609,Jason Flores,71,42174
2610,Nicole Holden,74,3436
2611,Kathleen Baker,89,21839
2612,Suzanne Villarreal,99,75291
2613,Joel Hopkins,15,27281
2614,Natalie Berry,54,25595
2615,Leslie Guerrero,18,39016
2616,Adam Wagner,18,33976
2617,Thomas Valenzuela,40,63898
2618,Brent Lucero,38,66350
2619,Troy Townsend,65,70277
2620,Margaret Bailey,66,84306
2621,Cynthia Acosta,61,22656
2622,Jason Clayton,83,61783
2623,Sara Ramirez,80,73044
2624,Bonnie Hall,49,87579
2625,Melanie Russell,36,36639
2626,Morgan Palmer,97,11848
2627,Ryan Sullivan,45,20921
2628,Christine Mccarthy,8,87319
2629,Jessica Fields,74,19007
2630,David Williams,86,32273
2631,Valerie Flores,100,68380
2632,Maria Hall MD,34,64011
2633,James Diaz,2,20127
2634,Tamara Robertson,74,93083
2635,Ian Stevens,26,58440
2636,Isaiah Day,50,55615
2637,Gregory Knapp,13,14599
2638,Kaitlyn Rivers,75,82017
2639,Olivia Kelly,41,10183
2640,Michelle Morris,62,75819
2641,Brian Moon,93,73735
2642,Justin Pham,43,16958
2643,Dr. Amy Ramirez DDS,44,8366
2644,Mitchell Alexander,9,1383
2645,Veronica Lopez,43,38093
2646,Beth Beasley,94,79574
2647,Phillip Andrews,88,62378
2648,Raymond Keith,13,96534
2649,Brian Kelley,13,90629
2650,Angela Daniel,74,1412
2651,Dillon Romero,77,67829
2652,Bobby Moody DVM,28,26890
2653,Karen Contreras,17,18121
2654,Edward Patterson,19,25789
2655,Shannon Kennedy DVM,68,33103
2656,Shannon Norris,5,37906
2657,Edgar Wood,40,99653
2658,Mr. James Price,66,55685
2659,Melissa Lee,99,11512
2660,William Thompson,10,93953
2661,Lori Schmidt,97,25387
2662,Mrs. Julie Murray,85,23434
2663,Karen Wagner,5,92040
2664,Michael Decker,81,51701
2665,Matthew Griffin,61,18245
2666,Victoria Weiss,7,30530
2667,Elijah Clarke Jr.,14,31968
2668,Adam Diaz,5,32292
2669,Mary Richmond,35,86835
2670,Renee Ruiz,5,65791
2671,Bruce Smith,93,85068
2672,Shane Black,89,70190
2673,William Pearson,94,26565
2674,Craig Watkins,12,20260
2675,John Watson,48,76150
2676,Robert Franklin,46,76002
2677,Gary Webb,95,92211
2678,Caitlin Santiago,15,31942
2679,Kevin Williams,14,14254
2680,Travis Silva,31,78359
2681,Christopher Hunter,78,86349
2682,Bryan Brown,27,34635
2683,Victoria Grant,20,68845
2684,Jennifer Bell,79,79021
2685,Carrie Russell,66,9795
2686,Jacob Martinez,24,7798
2687,Ernest Garrett,62,34890
2688,Sydney Brown,81,66309
2689,Jessica Arroyo,66,35756
2690,Christine Fitzgerald,93,28976
2691,Wendy Nelson,78,33915
2692,Sheri Dalton,64,40722
2693,Richard Walker,19,69744
2694,Kimberly Johnson,18,39600
2695,Andrew Paul,66,69905
2696,John Young,48,4013
2697,Angela Mcdaniel,55,33373
2698,Stephanie Wright,67,73216
2699,Jamie Blevins,58,68623
2700,Joshua Ellis,26,39497
2701,Robert King,40,67490
2702,Kevin Hess,4,72366
2703,Carla Alexander,94,85382
2704,Dr. Brianna Miller,56,72105
2705,Reginald Richardson,7,86720
2706,Nathan Salazar,76,4380
2707,Kristen Chang,45,38931
2708,Michael Cooper,2,37771
2709,Jessica Obrien,93,77836
2710,Sara Koch,62,1167
2711,Gwendolyn Johnson,3,82217
2712,Charles Donovan,6,91599
2713,Kristopher Dixon,18,84465
2714,Justin Jones,40,71150
2715,Mary Martin,27,30521
2716,Suzanne Pratt,25,64379
2717,Mrs. Emily Brown,70,48613
2718,Phillip Davis,7,32987
2719,Jason Johnson,26,49351
2720,Michael Ryan,23,13802
2721,Elizabeth Hunt,68,88706
2722,Debra Murillo,89,36969
2723,Laura James,28,70169
2724,Jennifer Blake,87,57372
2725,William Morgan,14,87515
2726,Sarah Kaufman,24,2848
2727,Robin Carpenter,62,88919
2728,Alexander Acosta,37,77503
2729,Kevin Garza,92,27125
2730,Allison Williams,57,34537
2731,Alexis Moreno,66,1242
2732,Shannon Smith,9,59123
2733,Matthew Ryan,18,11406
2734,Lee Carrillo,59,26149
2735,Anthony Taylor,90,4763
2736,Daniel Murphy,4,70654
2737,Michael Guzman,95,51117
2738,Rhonda Sexton,60,28042
2739,Kimberly Hoffman,86,26579
2740,Nicholas Jackson,97,67585
2741,Christopher Hill,88,58136
2742,Crystal Francis,55,25899
2743,Richard Weaver,41,15687
2744,Olivia Richardson,4,8875
2745,Henry Smith DDS,70,69378
2746,Daniel Bradley,63,17796
2747,Lynn Hansen,99,71253
2748,Alex Dawson,63,64177
2749,William Miles,82,3279
2750,Erin Johnson,100,73608
2751,Briana Ball,68,17668
2752,John Bush,64,42475
2753,Brandon Williams,76,91785
2754,Jessica Santos,80,40071
2755,Andrew Mitchell,20,73696
2756,David Peters,78,20472
2757,Mrs. Monica Morris,67,96814
2758,Karen Hanson,85,92859
2759,Oscar Robinson,24,18877
2760,Steven Johnson MD,83,54936
2761,Mary Hill,20,38766
2762,Kevin Perez,86,41320
2763,Joseph Payne,66,51393
2764,David Doyle,42,76473
2765,Andrew Dorsey,43,21012
2766,Sheila Fisher,92,15047
2767,William Arnold,68,51969
2768,Martin Craig,43,29426
2769,Joseph Newman,100,10152
2770,Bridget Anderson,67,48831
2771,Abigail Schroeder,32,82154
2772,Ms. Danielle Sanders,20,33917
2773,Kimberly Roberts,28,21613
2774,Kenneth Oneal Jr.,82,17533
2775,Maria David,88,72515
2776,Joseph Chapman,25,43696
2777,Jasmine Bradford,71,98049
2778,Rachel Winters,39,4570
2779,Patricia Roberts,26,43025
2780,Suzanne Shaw,45,8889
2781,Peter Hayden,37,50863
2782,Robert Silva,46,40675
2783,Michael Diaz,41,24152
2784,Raymond Mendez,65,76567
2785,Melissa Howard,13,74510
2786,Ronald Hansen,94,20676
2787,Jeremy Merritt,60,53960
2788,Jaime Stewart,8,35111
2789,John Young,55,77470
2790,Michael Jackson,45,71073
2791,Evan Wilkins,59,26711
2792,Tyler Wilson,89,23552
2793,Jesse Garcia DDS,53,88174
2794,Tina Conner,4,74462
2795,Danielle Hunt,12,79435
2796,Rachel Fleming,42,10816
2797,Jessica Patterson,79,66969
2798,Laurie Davis,53,27655
2799,Diane Crawford,69,90099
2800,Jessica Carr,98,84406
2801,Zoe Castro,48,42776
2802,Sean Jacobson,81,80125
2803,Rose King,20,2397
2804,Rebecca Chase,15,73871
2805,Brenda Gonzalez,95,44967
2806,Angelica Miller,100,97566
2807,Brian Parks,87,2770
2808,Brian Navarro,39,57505
2809,Eric Hartman,45,74749
2810,Matthew Hobbs,50,50623
2811,Jason Monroe,25,23521
2812,Michael Hooper,43,16375
2813,Diana Reyes,59,47737
2814,Ian Combs,100,54887
2815,Matthew Stokes MD,91,78605
2816,Ryan Russell,74,15047
2817,Emily Barnes,59,2284
2818,Rebecca Johnson,79,67067
2819,Eric Yates,67,49230
2820,Michael Johnson,6,19170
2821,Brandon Delgado,100,16915
2822,Vincent Collins,28,43496
2823,Valerie Hancock,6,92132
2824,Chase Booker,49,22120
2825,Brian Barron,10,54222
2826,Daniel Roy,33,77693
2827,Sandra Gilmore,85,21447
2828,Dana Kelly,96,11945
2829,Tina Wood,66,6537
2830,Kathleen Bell,87,56852
2831,Ashley Lee,38,49986
2832,Ian Owens,33,22360
2833,Ronald Norman,86,56401
2834,Beverly Jones,95,21112
2835,Joshua Wyatt,49,35943
2836,Bryan Smith,10,78929
2837,Joseph Hall,1,90640
2838,Lauren Leblanc,16,93109
2839,Tina Smith,45,51505
2840,Melissa Bray,28,4149
2841,Latasha Jordan MD,43,62543
2842,Luke Bush,53,75876
2843,Rebecca Elliott,77,36966
2844,Jonathan Austin,67,73766
2845,Stuart Martin,29,23588
2846,Diane Robinson,16,43470
2847,Jon Chambers,62,69816
2848,Brett Reed,18,32284
2849,Kim Ashley,21,56019
2850,Cassandra Jacobson,71,98562
2851,Casey Davenport,86,94267
2852,Nicholas Brewer,6,24262
2853,Antonio Nelson,33,56557
2854,Nathaniel Brewer,86,54513
2855,Angela Alexander,20,72490
2856,Sierra Miller,32,89935
2857,Cole Wilkins,98,12255
2858,Jeffery Roberts,15,6541
2859,Brian Adams,44,47778
2860,Lauren Welch,68,23896
2861,Tanya Santos,28,40148
2862,Justin Daniels,89,11115
2863,Cindy Smith,61,26231
2864,Anthony Whitaker,17,23390
2865,Daniel Sullivan,86,15483
2866,Timothy Brown,54,74665
2867,Nicholas Daniels,23,69930
2868,Christina Avila,71,53233
2869,Douglas Black,8,52309
2870,Elizabeth Fisher,31,86040
2871,Dale Cooley,63,98479
2872,Katrina Mcdonald,31,90090
2873,Susan Wilson,96,47867
2874,Darryl Ellis,96,1671
2875,James Williams,48,65048
2876,Ann Rodriguez,28,97838
2877,Laura Reese,6,33591
2878,John Powell,48,34749
2879,Christina Shields,6,90176
2880,Terri Jackson,3,38519
2881,Jamie Rush,85,31315
2882,Monica Johnson,51,62539
2883,Joshua Ellison,86,15688
2884,Amanda Mcmillan,79,79173
2885,Drew Harris,43,29389
2886,John Crane,20,29440
2887,Gabriel Martin,59,98369
2888,Ashley Harris,84,82549
2889,Chris Schmidt,90,84538
2890,Kimberly Anderson,4,76202
2891,Gabriel Griffin,92,55622
2892,Andrew Smith,43,3228
2893,Kathryn King,19,96352
2894,Karen Collins,40,50667
2895,Ryan Cox Jr.,68,22474
2896,Michael Owens,44,97627
2897,Timothy Stark,81,85342
2898,Melissa Conley,23,42197
2899,Mr. Benjamin Walker,88,84447
2900,Christopher Powers,84,2747
2901,Kari Green,52,76096
2902,Daniel Gibbs,65,95497
2903,Amanda Lee,79,34700
2904,Joann Myers,46,42179
2905,Ms. Julia Mayer DVM,32,14472
2906,Jason Olsen,58,29990
2907,Michelle Sherman,76,45145
2908,Patricia Conrad PhD,97,55158
2909,Terry Peters,95,96126
2910,Thomas Mills,92,9356
2911,Mary Price,56,61834
2912,Crystal Holden,15,25880
2913,Caitlyn Blake,23,96735
2914,Mary Wheeler,13,20829
2915,Kelly Peters,5,74419
2916,Ashley Braun,12,23551
2917,Bobby Smith,48,93304
2918,Shannon Jennings,5,47419
2919,Christopher Peters,35,51940
2920,Robin Arnold,25,8918
2921,Lindsey Greene,89,26418
2922,David Lee,95,93252
2923,Gina Dominguez,10,66383
2924,Regina Ramirez MD,7,64208
2925,James Grant,8,56928
2926,Crystal Garcia,87,50718
2927,Nathan Thornton,28,10319
2928,Barbara Reynolds,63,34492
2929,Melissa Harris,83,14375
2930,Miss Julie Fox,82,89435
2931,Luis Hill,99,93825
2932,Yolanda Lopez,26,59614
2933,Jennifer Garcia,90,97976
2934,Vernon Anderson,57,81205
2935,Denise Jackson,71,85544
2936,Debra Munoz,71,62380
2937,Brian Duffy,24,85996
2938,Danielle Patel,76,51991
2939,David Norman,63,85375
2940,Andrea Moore,21,50094
2941,Alexander Miller,71,57589
2942,Zachary Marks,69,72656
2943,Ronald Brown,89,45577
2944,John Jenkins,27,86322
2945,Donna Coleman,80,28507
2946,Ralph Smith DDS,60,87656
2947,Melinda Padilla,66,10674
2948,Wesley Walter,79,45819
2949,Lisa Alvarado,33,47960
2950,Gregory Yoder,53,41927
2951,John Bennett,93,11487
2952,Lawrence Harris,25,68932
2953,Gail Vance,86,20137
2954,April Smith,60,64097
2955,Alicia Miller,17,76987
2956,Christopher Singleton,43,79609
2957,Daniel Clark,22,67946
2958,Emily Smith,29,17775
2959,Erik Chavez,42,52577
2960,Maria Walker,43,9275
2961,Michelle Johnston,57,95213
2962,Cole Smith,18,11265
2963,James Jones,69,10522
2964,Alexander Potts,46,59081
2965,Bryan Calhoun,72,99635
2966,Cynthia Norris,5,75295
2967,Tony Gomez,40,5523
2968,Joshua Savage,10,37293
2969,Michael Hunter,71,51001
2970,Matthew Benjamin,6,82462
2971,Nicholas Bennett,92,90307
2972,Lisa Duran DDS,3,16416
2973,Kelly Collins,100,6529
2974,Felicia Gomez,78,75096
2975,Daniel Miller,97,50045
2976,Michael Anderson,17,20555
2977,Teresa Manning,51,89772
2978,Jeffrey Browning,64,94590
2979,Lauren Macdonald,87,85333
2980,Melissa Stanley,60,97980
2981,Megan Frost DDS,15,29785
2982,Rebecca Walters,32,79844
2983,Alyssa Thompson,45,39452
2984,Eric Phillips,80,24728
2985,Michael Henderson,36,35960
2986,Sarah Howard,10,62000
2987,Patrick Thomas,89,42777
2988,Timothy Bell,84,47131
2989,Matthew Harris,61,28857
2990,Denise Hoffman,19,12199
2991,Chris Shields,1,75963
2992,James Trevino,84,75015
2993,Tammy Carpenter,94,2192
2994,Allison Fox,46,81295
2995,Nina Hampton,35,72395
2996,Julian Collins,89,82086
2997,John Carr,84,97923
2998,Melissa Wood,55,80356
2999,Sherry Harrison,88,34031
3000,Joy Pierce,83,17800
3001,Karen Werner,74,58831
3002,Dustin King,53,78311
3003,Tara Jones,49,24176
3004,Michael Lambert,31,27863
3005,Jessica Woodard,63,24692
3006,Brittany Irwin,11,11092
3007,Danielle Freeman,91,48881
3008,Carrie Jefferson,48,40408
3009,Karen Kemp,18,49147
3010,Elizabeth Crawford,49,14271
3011,Dean Peck,93,82034
3012,Frederick Buchanan,32,12922
3013,Susan Reilly,89,48592
3014,Theresa Davenport,11,47712
3015,Caitlin Adkins,98,24469
3016,Melanie Butler,54,95215
3017,Joseph Ward,68,3707
3018,Olivia James,20,12157
3019,Jean Rubio,46,41476
3020,Megan Pearson,60,40789
3021,Crystal Collins,56,38574
3022,Austin Clark,3,27832
3023,Veronica Mcmillan,39,49973
3024,Madison Mason,84,51583
3025,John Hernandez,28,7599
3026,Sarah Jones,67,90139
3027,Emma Jones,95,37701
3028,Daniel Price,68,91834
3029,Samuel Bell,55,36783
3030,John Irwin,5,25011
3031,Erin Watkins,16,98195
3032,Andrew Quinn,7,92949
3033,Troy Bell,32,28932
3034,Christina Porter,41,82896
3035,Cassandra Wells,16,18834
3036,Judith Maxwell,31,16027
3037,Gina Cochran,3,15015
3038,Rebecca Woods,31,82992
3039,William Giles,45,17656
3040,John Lynch,65,85000
3041,Sarah Williams,17,60449
3042,Cindy Green,78,90272
3043,Daniel Hodges,48,32645
3044,Ronald Vega,17,13935
3045,Amanda Fletcher,91,4875
3046,Joshua Parker,11,92106
3047,Stephanie Jimenez,4,20575
3048,Richard Brown,50,42590
3049,Frank Flowers,5,81551
3050,Lindsay Hill,95,38402
3051,Debra Rivera,95,58610
3052,Michael Anderson,21,17445
3053,Chelsea Brown,36,32800
3054,Jerome Compton,75,23944
3055,Jasmine Mosley,11,91362
3056,Kenneth Miller,87,85307
3057,Scott Huerta,73,84234
3058,Kathryn Cervantes MD,26,56823
3059,Brenda Snyder,90,21580
3060,Zachary Smith,18,86377
3061,Dylan Dudley,31,77108
3062,Brandon Brown,43,75438
3063,Alex Sullivan,19,85597
3064,Michael James,2,62214
3065,Lisa Jones,57,51928
3066,Donna Jones,8,94045
3067,Lisa Pierce,10,95351
3068,Amy Valentine,79,65337
3069,Janet Lucas,49,29609
3070,Tammy Hall,30,53347
3071,Jeremiah Guzman,50,56888
3072,Christopher Baker,50,6912
3073,Crystal Hughes,20,64662
3074,Joseph Wyatt,54,66417
3075,Craig Fox,38,98999
3076,Brady Miller,15,74203
3077,Kyle Knight,22,56425
3078,Kimberly Mora,49,73784
3079,Kurt Myers,39,32035
3080,Tyler Davis,34,80170
3081,Ashley Cummings,38,15600
3082,Heather Davis,36,93377
3083,Sherry Browning,54,51744
3084,Elizabeth Sanchez,69,67932
3085,Robert Jones,94,9399
3086,Micheal Briggs,21,17839
3087,Jessica Daniels,97,46302
3088,Melissa Coleman,60,42099
3089,Isaac Montgomery,28,69112
3090,Sabrina Williams,68,34302
3091,Tony Montgomery,18,92390
3092,Charles Clark,59,9560
3093,Donna Smith,15,91174
3094,Renee Williams,5,63492
3095,Kelsey Walsh,34,14196
3096,Luis Dodson,99,55472
3097,Danny Williams,16,1975
3098,Tiffany Moses,26,74110
3099,Gregory Garcia,18,13452
3100,Sally Kent,84,18366
3101,Jonathan Holden,71,28692
3102,Vincent Stewart,80,41156
3103,Brandon Diaz,83,77893
3104,Lucas Ward,83,67457
3105,Stephanie Park DDS,36,34275
3106,Darlene Jimenez,24,79539
3107,Casey Lynn,18,86756
3108,Holly Davies,86,53875
3109,Joseph Conrad,44,29559
3110,Jonathan Blevins,41,46211
3111,John Torres,34,80251
3112,Christopher Horn,33,7878
3113,Maria Mcbride,60,25767
3114,Olivia Baker,58,89258
3115,Michael Santana Jr.,16,96517
3116,Randy Ross,64,47386
3117,Anna Peters,40,57706
3118,Raymond Scott,55,6408
3119,Andrew Clark,23,4575
3120,Angela Cobb,99,56237
3121,Rodney Wilson,73,27974
3122,Timothy Dunn,36,64182
3123,Courtney Hughes,61,86168
3124,Stephen Scott,55,16591
3125,Molly Owens,3,98102
3126,Angela Macdonald,28,46766
3127,Ryan Robinson,89,33447
3128,Denise Vargas,13,76797
3129,Brian Harris,23,45071
3130,Daniel Snow,88,51294
3131,Mrs. Jenna Foster,61,55938
3132,Pamela Mitchell,79,38839
3133,Sherry Weiss,48,26849
3134,Cindy Smith,43,43181
3135,Mary Colon,80,13066
3136,Matthew Rollins,46,70684
3137,Jessica Hernandez,80,22553
3138,Mrs. Lauren Davis,43,19377
3139,Aaron Joseph,72,52653
3140,Sandra Davenport,12,41461
3141,Francisco Pearson,62,19062
3142,Karla Wilson,54,83259
3143,Jose Davis,74,40009
3144,Diamond Dixon,2,88266
3145,James Brown,76,93133
3146,Lindsay Snyder,41,73832
3147,Daniel Banks,8,26842
3148,Tina King,63,79727
3149,Jennifer Anderson,53,78200
3150,Mark Mcdonald,62,80740
3151,Tina Johnson,62,42852
3152,Ernest Larson,45,33262
3153,Arthur Taylor,66,31584
3154,Clinton Moran,7,11149
3155,Miguel Riley,3,36429
3156,Emma Robertson,32,63614
3157,William Ford,89,19599
3158,Robert Cole,2,49441
3159,Amanda Martinez,5,19676
3160,Joe Martin,86,21224
3161,Linda Lee,68,43431
3162,Matthew Miller,46,89520
3163,Douglas Glover,91,55016
3164,Bryce Peterson,76,97599
3165,Kristen Gray,85,88182
3166,Edward Payne,48,3767
3167,Tracey Pace,19,18504
3168,Matthew Clarke,26,78819
3169,George Walsh,61,64575
3170,Amy Davis,22,14307
3171,Elizabeth Henry,35,61289
3172,Misty Moran,60,83161
3173,Robert Wilson,97,73545
3174,William Fernandez,56,77552
3175,Aaron Rogers,41,70981
3176,Emily Cook,57,64125
3177,Gene Barnes,26,91700
3178,Madeline Mcneil,93,76950
3179,Michelle Green,3,43423
3180,Brian Summers,70,93380
3181,George Johnson,19,57860
3182,Jennifer Ramirez,62,27651
3183,Steven Hamilton,92,22483
3184,Nathan Schneider,95,36432
3185,Brenda Moore,57,30391
3186,Lauren Mcguire,94,19696
3187,Tiffany Richardson,97,12503
3188,Kyle Robinson,76,96470
3189,Kenneth Ross,5,64848
3190,Sherry Frye,99,97475
3191,Morgan Cox,8,38548
3192,Corey Bennett,83,50348
3193,Christina Walker,15,83908
3194,Charles Roberson,91,34511
3195,Jessica Steele,42,27047
3196,Diana Dunlap,89,72088
3197,Heather Brown,1,5920
3198,Charles Arellano,32,5115
3199,Nancy Williams,25,27540
3200,Sarah Jackson,84,69574
3201,Melissa Ramirez,58,24491
3202,Elizabeth Davis,30,4619
3203,Heather Wilson,19,3539
3204,Brian Oliver,80,93640
3205,Diana Roberts,80,13376
3206,Latoya Alexander,40,17463
3207,Kara Mccormick,34,33697
3208,John Phillips,5,71349
3209,Michael Butler,79,28365
3210,Kristina Price,69,36994
3211,Gerald Roberts,2,90106
3212,Angela Green,94,43457
3213,Tracy Wright,59,57457
3214,Ellen Trujillo,83,2262
3215,Jose Mcmahon,43,2744
3216,Jennifer Roman,22,85868
3217,Mr. Tyler Shields,21,7273
3218,Christopher Webb,2,32927
3219,James Phillips,8,9704
3220,Mr. Carlos Hill,93,99394
3221,Joseph Hamilton,39,46812
3222,Jason Roy,83,30510
3223,Michael Williams,82,47765
3224,John Beck,94,56631
3225,Carl Davis,41,36277
3226,David Walker,4,80846
3227,Dylan Reed,67,84671
3228,Tina Maldonado,31,90849
3229,James Fernandez,81,32233
3230,Paul Butler,62,24831
3231,Terry Hayden,62,71323
3232,Shelly Brock,50,98336
3233,John Brown,58,54452
3234,Theresa Johnson,18,77788
3235,Darin George,82,79084
3236,Dakota Rollins,36,31805
3237,Todd Jones DDS,63,24708
3238,Joanne Stanley,53,86558
3239,Jaime Black,96,75567
3240,Kimberly Johnston,43,12127
3241,Christopher Sellers,93,18313
3242,Charles Yang,30,10391
3243,Brian Ramirez,33,70765
3244,Stacy Powell,67,8110
3245,Mary Mooney,31,48145
3246,Kimberly Diaz,23,30658
3247,Michael Burnett,93,95142
3248,Alexis Chang,12,57418
3249,Nicole Robinson,55,82556
3250,Daniel Chavez,54,4203
3251,Cynthia Adams,41,79118
3252,Chelsey Owens,49,4688
3253,Joseph Young,11,17888
3254,Olivia Farley,83,16636
3255,Daniel Bryant,40,7920
3256,David Hansen,73,56552
3257,Kevin Martinez,4,32991
3258,Roger Hawkins,54,95569
3259,Michael Morgan,53,14154
3260,Melissa Johnson,81,15437
3261,Renee Gibson,87,25780
3262,Andrew Logan,61,87863
3263,Michelle Mitchell,28,59812
3264,David Howard,46,98807
3265,Brianna Brooks,33,65531
3266,Elizabeth Barrera,51,52420
3267,Tiffany Peters,60,45336
3268,Alyssa Graham,90,84762
3269,Robert Scott,7,66854
3270,Eric Hall,53,97504
3271,Troy Carr,98,66907
3272,Emily Cantrell,39,37968
3273,Diana Martinez,60,95171
3274,John Martin,58,31947
3275,Carmen Powell,91,50142
3276,Sean Miller,23,24679
3277,Yvonne Griffith,39,99818
3278,Stephen Miller,53,23490
3279,Kimberly Gomez,35,46470
3280,Monica Flowers,9,79075
3281,Michael Williams,87,1969
3282,Stephanie Nelson,49,59989
3283,Kelly Abbott,91,95330
3284,Micheal Gibson,65,41596
3285,Matthew Smith,11,15850
3286,Stephen Moore,29,96827
3287,Tammy Bowman,26,77365
3288,Nicholas Griffin,56,44037
3289,Christopher Hernandez,36,90925
3290,Tiffany Lopez,49,12236
3291,Elizabeth Hudson,41,52547
3292,Heidi Ward,5,31876
3293,Kristi Campbell,46,48154
3294,Karen Robinson MD,81,7154
3295,Vincent Robertson,39,5770
3296,Christian Lin,39,67182
3297,Matthew Mcintosh,63,12484
3298,Chad Johnson,3,68548
3299,Heather Mathis,33,54595
3300,Derek Padilla,51,77470
3301,Theresa Gonzales,76,40855
3302,Lori Wright,31,55133
3303,Tami Nolan,19,18824
3304,Brooke Turner,55,6634
3305,Elizabeth Williams,41,4755
3306,Jennifer Garcia,62,55522
3307,Michael Hall,98,17861
3308,Carol Parker,59,99320
3309,Curtis Scott,90,23046
3310,Brian Miller,12,59694
3311,Andrew Hall,54,84626
3312,Kyle Thomas,26,43706
3313,Elizabeth Lawson,4,15653
3314,Deborah Lindsey,74,52975
3315,Kerry Hammond,80,27286
3316,Joseph Petersen,66,14939
3317,Jessica Williams,91,1239
3318,Shelley Johnson,16,40382
3319,Jennifer Knox,71,3608
3320,Katherine Carroll,30,56821
3321,Julie Pruitt,55,18853
3322,Autumn Munoz,57,52495
3323,Angela Webb,81,76025
3324,Richard Pham,26,56985
3325,Justin Johnson,72,93429
3326,Jacob Case,49,83131
3327,Andrea Francis,14,77216
3328,Wanda Spencer,16,46906
3329,Kristen Ramirez,10,45901
3330,Luis Charles,80,66303
3331,Richard Rivas,73,71755
3332,Michael Martinez,71,86295
3333,Samantha Foster,74,73296
3334,Troy Winters,97,56335
3335,Debbie Walker,82,64026
3336,Tammie Green,25,94473
3337,Timothy Wilson,74,60139
3338,Jane Murray,9,14399
3339,Jillian Rogers,3,76265
3340,Joshua Buck,50,14876
3341,Brandon Kirby,54,98544
3342,Stephen Robinson,4,44448
3343,Steven Carey,4,34025
3344,Dr. Sara Summers,12,61799
3345,Wayne Lee,30,57383
3346,Ralph Calhoun,12,5790
3347,Leslie Mack,88,59078
3348,Abigail Huang,69,24324
3349,David Torres,40,47090
3350,Andrea Stewart,2,72974
3351,Michelle Reynolds,99,93717
3352,Michelle Durham,90,67519
3353,Michael Jones,29,43301
3354,Alicia Hayes,33,98459
3355,Curtis Richardson,46,90971
3356,Martin May,63,5618
3357,Timothy Mccullough,30,25795
3358,Eric Watson,42,27907
3359,Sally Rosales,8,36153
3360,Anne Miller,13,97603
3361,Katrina Wheeler,89,29146
3362,Taylor Rodriguez,47,64988
3363,Connor Kaufman,99,53564
3364,William Bell,16,84454
3365,James Johnson,84,55103
3366,Krista White,82,30948
3367,David Castaneda,38,60300
3368,Sarah Gilbert,26,74432
3369,Brooke Beck,89,79781
3370,Joshua Rodriguez,99,41508
3371,Ashley Martin,40,33068
3372,Dr. Colleen Stevens MD,59,24160
3373,Miranda Evans,38,68873
3374,Amanda Jones,83,59925
3375,Megan Castillo,54,90450
3376,Barbara Spence,22,1784
3377,Kimberly Cervantes,2,93682
3378,Micheal Thompson,47,36466
3379,James Murphy,8,23842
3380,Leslie Vaughn,40,82686
3381,Michelle Evans,58,21511
3382,Katherine Chapman,69,26384
3383,Tamara Prince,62,43040
3384,Luke Clayton,57,81875
3385,Claire Haynes,23,72409
3386,Sean Ball,99,94573
3387,Gregory Rodriguez,16,19376
3388,Donna Phillips,75,10383
3389,Jennifer Rodriguez,54,29754
3390,Jeffery Ferguson,93,44041
3391,Jeremy Cooper,49,75028
3392,Frederick Wilson,15,51595
3393,Samantha Mcdonald,72,60692
3394,Mindy Nielsen,90,12128
3395,Joshua Anderson,68,21401
3396,Kimberly Castillo,9,46639
3397,Valerie Wallace,64,34374
3398,Donald Rios,57,40244
3399,George Dean,7,99351
3400,Alexander Reese,32,40296
3401,Jeffrey Morgan,70,83992
3402,Alexandra Robinson,42,5117
3403,Jason Owens,100,36558
3404,Judy Harris,10,88773
3405,Martin Benson,63,34215
3406,Jessica Weaver,52,15631
3407,Caitlyn Greene,26,65390
3408,Edward Morrow,74,98661
3409,Kenneth Jefferson,8,53377
3410,Jonathan Lowery,78,23679
3411,Molly Freeman,84,46550
3412,Brian Jackson,76,39295
3413,Kendra Cisneros,19,45904
3414,Walter Jackson,72,89436
3415,Willie Duran,85,73506
3416,Charles Morales,21,43632
3417,Mary Wilson,75,76341
3418,Robert Kramer,29,21815
3419,Cassandra Richardson,14,61306
3420,Elizabeth Singleton,42,85734
3421,Christina Campbell,57,76722
3422,Beth Le,92,90574
3423,Matthew Fischer,41,7194
3424,Andre Riley,49,78454
3425,Katie Hughes,83,66341
3426,Lindsey Garza,48,25525
3427,Ashley Taylor,51,61032
3428,Joshua Pacheco,48,40543
3429,Marcus Wilson,48,3893
3430,Katherine Johnson,1,35725
3431,Nathan Gomez,91,17730
3432,Heather Bailey,6,23063
3433,Angel Walker,40,45467
3434,Robert Davis,43,35076
3435,Jose Torres,22,47114
3436,Mark Graham,6,33850
3437,Connor Mann,83,79504
3438,Allison White,48,79738
3439,Cheryl Walker,20,49172
3440,Michael Smith,52,15615
3441,Joshua Knight,1,68901
3442,Rose Hernandez,60,23760
3443,Anthony Norton,96,41170
3444,Tiffany Stone,68,56506
3445,Casey Dyer,57,63095
3446,Jessica Cunningham,88,39407
3447,Michael Stewart,70,64031
3448,Juan Cole,92,91449
3449,Michael Parker,12,77427
3450,Sarah Bishop,95,23563
3451,Carol Compton,35,36802
3452,Marvin Glenn,13,10127
3453,Tamara Dickson,12,95833
3454,Veronica Garrett,47,32799
3455,Julia Salinas,93,12263
3456,Rebecca Lee,2,4605
3457,Daniel Mendoza,54,80008
3458,Sara Taylor,60,20055
3459,Ashley Moore,96,68775
3460,Timothy Barrett,84,50475
3461,Jill Bean,31,34055
3462,Katie Zimmerman,32,45023
3463,Jason Montgomery,58,83052
3464,Deborah Burnett,78,15741
3465,Mitchell White,82,65379
3466,Michele Cooper,76,5861
3467,Jacqueline Holt,62,15391
3468,Andrew Harris,44,36658
3469,Mary Romero,59,88526
3470,Angela Bray,61,90472
3471,Kurt Martin,52,5346
3472,Timothy Young,17,75593
3473,Rhonda Tucker,53,79348
3474,Dalton Olson,43,70780
3475,Annette Norman,64,42548
3476,Michelle Richardson,90,8536
3477,Robert Mora,24,96925
3478,Lauren Mitchell,26,12965
3479,Scott Bennett,36,64856
3480,John Hayden,48,47168
3481,Tammy Cobb,100,10486
3482,John Stone,55,67498
3483,Dustin Alvarez,13,31172
3484,Edward Kelly,13,56241
3485,Jacob Frey,92,68598
3486,Robert Gutierrez,48,50881
3487,Andrea Evans,46,98489
3488,Joanne Short MD,67,48849
3489,Joshua Crawford,2,93359
3490,Amy Cobb,67,61202
3491,Benjamin Knight,9,9278
3492,James Harris,22,14632
3493,Bradley Moses,65,18033
3494,Martha Thompson,98,5348
3495,Kyle Ford,100,29589
3496,Maureen Miller,90,26161
3497,Thomas Jackson,4,63170
3498,Wendy Hall,48,34187
3499,Gregory Mcdaniel,39,37711
3500,Brent Simmons,22,84403
3501,Marc Black,48,34746
3502,Jennifer Lozano,50,2807
3503,Jeffrey Green,13,66888
3504,Michael Mclean,61,81195
3505,Ryan May,99,91618
3506,Casey Mcclure,100,99318
3507,Angelica Caldwell,86,29856
3508,Cody Munoz,99,80010
3509,Walter Baker,38,27059
3510,Michael Norman,24,35523
3511,Emily Ramirez,65,1182
3512,Mary Sanchez,99,8427
3513,Julie Acevedo,38,78012
3514,Teresa Hunt,87,67996
3515,Robyn Harris,71,26871
3516,Jeffrey Barrett,8,3057
3517,Wayne Lewis,79,41158
3518,Thomas Cruz,68,98572
3519,Amy Howard,8,10878
3520,Robert Short,5,41977
3521,Jennifer Hanson,23,27847
3522,Amy Cooley,30,67737
3523,James Jordan,90,60303
3524,Patricia Nelson,20,5337
3525,Connie Montoya,65,4095
3526,Andrew Lyons,82,73037
3527,Christopher Ray,3,12521
3528,Reginald Pierce,70,83816
3529,Robert Lewis,43,81194
3530,Evelyn Wagner,16,12605
3531,Troy Marshall,13,80532
3532,Jessica Wilkerson,40,59456
3533,Vincent Espinoza,87,24514
3534,Becky Brown,31,1998
3535,Barbara Medina,44,53729
3536,Maria Orr,70,21453
3537,Wendy Daugherty,10,37900
3538,Adam Cook,71,85381
3539,Levi Schneider,59,58868
3540,Nicholas Neal,66,82508
3541,Caleb Floyd,46,45332
3542,Jeremy Mcintyre,56,71451
3543,Danielle Ortiz,12,55970
3544,Kaitlyn Estrada,68,16357
3545,Jessica Johnson,1,56828
3546,David Jackson,23,51751
3547,Sara Smith,23,24361
3548,Wendy Espinoza,19,5312
3549,Michael Norman,67,89964
3550,Elizabeth Jackson,85,83303
3551,Cheryl Dixon,78,81753
3552,David Brown,81,19360
3553,Melissa Fleming,24,79549
3554,Mercedes Hatfield,98,27687
3555,Jason Price,22,66929
3556,Jessica Parker,65,56902
3557,Ryan Mcdowell,52,4407
3558,Jesse Hayes,63,20604
3559,Shelby Jones,81,99744
3560,Michael Jenkins,73,70542
3561,Cindy Smith,76,86303
3562,Taylor George,7,99553
3563,Derek Sellers,68,41040
3564,Ricardo Daniel,42,87291
3565,Cody Brown,59,37607
3566,Samantha Yates,29,19630
3567,Laura Sharp DDS,63,57137
3568,Gregory Valdez,68,64409
3569,Kelly Navarro,49,43807
3570,Kevin Webster,64,48316
3571,Douglas Thompson,53,15536
3572,Zachary Carr,92,68198
3573,Jerry Thomas,74,12024
3574,Dawn Morris,64,78263
3575,Sarah Martinez,83,57287
3576,Christopher Bell,32,97067
3577,David Bennett,11,94449
3578,Dana Larson,63,25214
3579,Frances Smith,27,26964
3580,Darryl Myers,34,11430
3581,Christopher Ray,92,64664
3582,Sharon Diaz,24,20504
3583,Angel Carter,31,11385
3584,Mary Roman,36,97350
3585,Jill Brown,66,26733
3586,Sharon Mcconnell,99,63823
3587,Stephanie Henderson,79,73398
3588,Logan Banks,19,87217
3589,Briana Chang,60,4380
3590,Randall Curry,6,63003
3591,Seth Fitzgerald,40,61987
3592,Elizabeth Rosales,7,64839
3593,Mary Wright,26,80327
3594,Daniel Mccarthy,73,68858
3595,Emily Wagner,34,62880
3596,Margaret Scott,16,26802
3597,Ashley Thomas,75,25517
3598,Greg Finley,36,49454
3599,Edward Smith,64,61683
3600,Dwayne Sanders,52,68992
3601,Connor White,99,89384
3602,Christopher Saunders,68,71817
3603,Beth Taylor,75,53660
3604,Brian Schwartz,31,44355
3605,Karen Henderson,47,22281
3606,Julie Tran,24,62371
3607,Katherine Mcintyre,94,16233
3608,Lee Allen,50,11651
3609,Tommy Sanford,78,44884
3610,Nathan Chavez,22,79926
3611,Charles Wheeler,86,19680
3612,Dan Beck,58,42309
3613,Alexander Carter,60,53083
3614,Kathleen Kline,13,63586
3615,Cynthia Higgins,82,99325
3616,Stephanie Harper,29,46380
3617,Dylan Shelton,91,27099
3618,John Brown,45,15144
3619,David Perez,51,86792
3620,Gene Gonzales,27,54516
3621,Nicole Hernandez,12,92793
3622,Christopher Howard,6,24045
3623,Chase Lamb,53,36572
3624,Ashley Cooper,47,71550
3625,Daniel Fox,34,10194
3626,Christine Benson,14,93811
3627,Michelle Patel,55,79533
3628,Douglas Harmon,31,83327
3629,Michael Murray,70,85090
3630,Rachel Martin,25,51127
3631,Max Turner,95,5861
3632,Veronica Walker,8,73466
3633,Thomas Stein,56,82193
3634,Paula Roberts,9,94714
3635,Mr. Brian Preston MD,92,42995
3636,Brooke Bowman,18,16520
3637,Shannon Smith,71,94154
3638,Hannah Solis,20,39689
3639,Larry Aguilar,99,8685
3640,Linda Lee,57,18682
3641,Gregory Ellis,93,73003
3642,Jennifer Sanchez,63,58610
3643,Angelica Carlson,83,5471
3644,Heather Miller DVM,39,20802
3645,Melanie Chung,85,73108
3646,Glenn Jones,20,8066
3647,Ryan Williams,88,36734
3648,Alexandra Black,44,98924
3649,Sierra Chavez,47,46865
3650,John Hill,36,67531
3651,Kerri Payne,77,75269
3652,Rickey Walker,33,98064
3653,Aaron Taylor,32,89419
3654,Gilbert Mendoza,23,78441
3655,Jacqueline Armstrong,83,28605
3656,Susan Peterson,89,53126
3657,Stephanie Brown,31,59594
3658,Stephanie Pham,78,73054
3659,Pamela Hall,6,87169
3660,Jeanne Wade,26,10997
3661,Mary Blackwell,98,18543
3662,Alex Lopez,44,83357
3663,Jesse Vargas,6,22310
3664,Manuel Robinson,50,95722
3665,Lisa Meadows,41,73510
3666,Robert Jones,91,63110
3667,Jamie Schroeder,69,70108
3668,Kayla Anderson,21,85301
3669,Jennifer Gibbs,56,40470
3670,Ashley Simmons,36,92530
3671,Melanie Lindsey,98,70150
3672,Mrs. Brenda Watts,29,59277
3673,Russell Booth,23,27661
3674,Travis Webb,72,6812
3675,Michael Wall,72,10799
3676,Julia Freeman,99,58424
3677,Zachary Hurley,46,6792
3678,Anthony Caldwell,91,12434
3679,Mr. Scott Sanchez DDS,25,80785
3680,Dawn Reynolds,34,63291
3681,Katherine Brown,100,70843
3682,Tiffany Rangel,78,65440
3683,Traci Howell,9,33713
3684,Scott Martinez,75,44601
3685,Lauren Drake,90,71237
3686,Kristen Bartlett,42,81671
3687,Sandra Martin,18,82503
3688,Robert Ritter,17,12634
3689,Allen Bradshaw,95,60853
3690,Ray Jackson,93,40224
3691,Breanna Jones,86,49943
3692,William Harris,26,70514
3693,Denise Moore,11,75792
3694,Kelly Reeves,45,62377
3695,Travis Acosta,82,47325
3696,Christina Fuentes,66,9786
3697,Ashley Roberson,1,80691
3698,Curtis Smith,42,52097
3699,Jeffrey Hall,47,65875
3700,Monique Patterson,6,15169
3701,Mr. Alex Cruz,9,10867
3702,Tracy Rodriguez,48,17157
3703,William Mercado,23,31998
3704,Megan Smith,49,66017
3705,Jonathan Bradshaw,80,42217
3706,Margaret Williams,6,82186
3707,Patricia Hancock,73,99433
3708,Tyrone Dunn,72,15531
3709,Penny Harris,82,56880
3710,Mark Bridges,63,94615
3711,Laura Harmon,34,76433
3712,Fernando Oconnor,43,49988
3713,Daniel Dixon,77,81555
3714,Brian Morris,59,15582
3715,Katie Baker,28,75987
3716,Laura Carr,4,57333
3717,James Bailey,21,86773
3718,Angela Mullen,50,68913
3719,Lisa Hardy,83,60390
3720,Jerry Jackson,71,93775
3721,William Price DVM,4,38074
3722,Peter Jordan,71,97214
3723,Willie Patton,36,82464
3724,Anthony Parks,50,70593
3725,Anthony Chung,27,61960
3726,William Patterson,67,95971
3727,Frank Evans,64,60120
3728,Peter Hodge,57,11854
3729,Caitlin Summers,69,87114
3730,Ashley Sims,24,42997
3731,Christopher King,54,94075
3732,Michael Gould,55,69986
3733,Kevin Washington,74,17983
3734,Erin Lopez,80,39430
3735,Laura Smith,25,76456
3736,Lauren Williams,34,23328
3737,James Combs,24,21456
3738,Jeremy Ferguson,74,84895
3739,Abigail Mccoy,18,87533
3740,Desiree Hill,36,30810
3741,Courtney Sullivan,51,69964
3742,Matthew Howard,7,32180
3743,Dean Arnold,48,85326
3744,Rebecca Santiago,2,33903
3745,Lisa Clark,70,22815
3746,Stephanie Conrad,41,70815
3747,Caitlin Coleman,63,49429
3748,Tamara Ellis,10,87230
3749,Dylan Dominguez,72,77729
3750,Jeremy Garcia,15,10273
3751,Monique Mitchell,11,91714
3752,Alice Cook,7,79966
3753,Kenneth Wells,50,99382
3754,Matthew Mclaughlin,26,49473
3755,Alexander Calderon,10,12813
3756,Elaine Miller,33,69288
3757,Patrick Nguyen,35,46517
3758,Mr. Grant Carter,38,52108
3759,Rachel May,68,11748
3760,Susan Martin,58,33379
3761,Richard Green,60,44912
3762,Victor Barnes,21,81732
3763,Brian Figueroa,6,8096
3764,Christopher Aguirre,6,87873
3765,Jordan Frank,91,27670
3766,Brittney Shields,86,56925
3767,Nicole Olson,11,62367
3768,Amber Miles,9,94821
3769,Bobby Hunter,67,97007
3770,Randy Scott,88,80528
3771,Douglas Huffman,73,32749
3772,Nicole Hill,46,24140
3773,Bryan Howard,89,44535
3774,Keith Clay,48,18526
3775,Robert Pitts,31,46205
3776,Michaela Ramirez,25,29060
3777,Jodi Mcbride,41,55315
3778,Gina Mitchell,75,85013
3779,Bryan Blevins,10,45984
3780,Melinda Michael,2,70705
3781,Judith Le,94,80838
3782,Joseph Williams,92,40424
3783,Samantha Thompson,100,75680
3784,Mercedes Ball,64,93213
3785,Anthony Mcguire,76,76353
3786,Richard Davis,38,85108
3787,Benjamin Woodward,96,68964
3788,Diamond Edwards,96,30289
3789,Toni Wilson,71,56686
3790,Mrs. Sarah Burton,73,95419
3791,Anthony Good,14,17101
3792,Rachel Wolf,17,79566
3793,Dr. Jack Morgan,51,67271
3794,Sean Mcfarland,48,31097
3795,Matthew Ward,11,80843
3796,Joseph Moyer,62,92906
3797,Lucas Wallace,42,38771
3798,Matthew Salazar,81,59667
3799,Curtis Huynh DVM,76,84821
3800,Wesley Hartman,47,79611
3801,Erica White,2,53726
3802,Rhonda Thompson,37,52196
3803,Shane Gallagher,72,76502
3804,Matthew Clay,25,36957
3805,Darrell Stokes,65,27165
3806,Christina Orozco,76,7826
3807,Michael Perez,22,53388
3808,Jason Singh,74,59795
3809,Darlene Grant,1,1190
3810,Mark Hawkins,51,24188
3811,Laurie Weaver,83,69210
3812,Shannon Cruz,59,15039
3813,Timothy Kent,60,65400
3814,Chelsea George,49,56270
3815,Daniel Gonzalez,88,40830
3816,John Jones,8,61300
3817,Richard Stephenson,42,53680
3818,Sandra Williams,5,3109
3819,David Carter,54,88491
3820,Robert Cherry,70,58625
3821,Mr. Timothy Mathews,3,90965
3822,Felicia Stewart,62,93720
3823,Angela Martinez,29,99528
3824,Lori Allen,21,80548
3825,Frank Ryan,27,70419
3826,Joyce Bennett,5,40758
3827,Julie Cruz,12,82960
3828,Beth Lane,90,89631
3829,Madison Campbell,28,41611
3830,Oscar Beck,65,36047
3831,Megan Nolan,19,91127
3832,Jason Williams,63,31569
3833,Jenna Campbell,70,55831
3834,Rachel Snyder,75,24803
3835,Anthony Berry,52,42562
3836,James Baker,18,32036
3837,Charles Richardson,4,96842
3838,Eric Moore,2,73426
3839,Sarah Mccoy,93,32123
3840,Tonya Smith,91,53346
3841,Patricia Willis,43,16984
3842,Andrew Taylor,72,89272
3843,Michael Walker,41,32137
3844,Kimberly Smith,57,70996
3845,Edward Flores,90,82866
3846,Bradley Shaw,57,67430
3847,Elizabeth Rogers,39,86714
3848,Natalie Reid,51,2407
3849,Laura Valdez,70,22199
3850,William Coleman,88,41009
3851,Melissa Landry,7,51131
3852,Brooke Byrd,48,88649
3853,Anthony Wilson,5,60012
3854,David Foster,95,55854
3855,David Morgan,16,8656
3856,Jennifer Crawford MD,72,29172
3857,Daniel Miller,45,53358
3858,Dawn Smith,35,3174
3859,Karen Reed,80,71056
3860,Christy Lane,7,20788
3861,Michael Bradley,84,26325
3862,Joshua Gilmore,13,71987
3863,John Moore,27,39433
3864,Molly Sherman,71,65283
3865,Mark Moses,49,80555
3866,George Ross,7,29432
3867,Scott Castro,29,62883
3868,Kevin Warren,25,45133
3869,Alexander Stephens,76,18089
3870,Linda Zamora,89,2698
3871,Susan Watkins,100,35533
3872,George Fry,67,83415
3873,Jacob Odonnell,15,88813
3874,William Fletcher,81,44624
3875,Shannon Beck,93,65654
3876,Dr. Jose Jenkins,63,62611
3877,Vanessa Morris,92,1579
3878,Albert Perry,24,55987
3879,Donna Coleman,36,31064
3880,Margaret Moore,49,28123
3881,Matthew Barnes,93,35859
3882,Amanda Griffin DDS,56,37309
3883,Toni Walker,57,21911
3884,Colleen Hall,44,71498
3885,Melanie Edwards,95,23144
3886,Alexis Kelly,56,26781
3887,Michelle Chan,36,66923
3888,Lacey Mccarty,8,32752
3889,Tyler Maxwell,4,26846
3890,Chase Bridges,57,56109
3891,Anna Hoffman,87,51796
3892,Michael Bates,63,54463
3893,Renee Gilbert,14,25298
3894,Adam Morales,45,12812
3895,Lisa Bright,84,82733
3896,Melanie Lee,18,53891
3897,Christina Holmes,21,7663
3898,Heather Lopez,77,41662
3899,Tammy French,90,1926
3900,James Pena,82,72505
3901,Gregory Mills,45,66235
3902,Jason Novak,27,60851
3903,Tracy Ortiz,77,98113
3904,Hannah Pittman,78,29426
3905,David Snyder,12,74131
3906,Andrea King,33,26802
3907,Dean Huffman,16,18968
3908,Joshua Stanley,35,66855
3909,Jason Serrano,61,13267
3910,Debbie Jones,69,39145
3911,Jacob Whitney,84,49632
3912,George Taylor,55,35422
3913,Carolyn Weaver,57,84155
3914,Mallory Wilkinson,25,90554
3915,Kathy Wilson,33,94631
3916,Edward Howard,43,62581
3917,Roy Diaz,80,84681
3918,Emily Higgins,21,75154
3919,Laura Carr,78,6011
3920,Amber Griffin,66,72740
3921,Jason Long,41,61304
3922,Lisa Porter,57,67986
3923,Mark Becker,1,58602
3924,Michael Maldonado,50,43500
3925,Samantha Coleman,68,48358
3926,Melissa Chambers,26,31512
3927,Adam Howard,28,10717
3928,Heather Stevens,67,89106
3929,Nichole Robertson,11,68815
3930,Sean Martin,11,80707
3931,Aaron Holt,99,29142
3932,John Scott,34,42298
3933,Aaron Nixon,39,50056
3934,Jessica Moore,35,53166
3935,Jonathon Foster,39,62689
3936,Jeremiah Blevins,77,31801
3937,Melissa Jacobs,8,8376
3938,Taylor Faulkner,32,34117
3939,Joshua Merritt,43,82696
3940,Rachel Brewer,8,89193
3941,Justin Mueller,70,22393
3942,Lauren Johnson,29,82663
3943,Tammy Torres,92,26491
3944,Jonathan Simmons,15,22397
3945,James Nichols,39,5050
3946,James Bates,9,99926
3947,Sarah Watkins,76,50665
3948,Erin Barr,49,42256
3949,Shelley Boyer,81,39547
3950,James Martinez,23,70732
3951,Christopher Brown,31,73952
3952,Jordan Smith,37,56423
3953,Henry Jones,63,31208
3954,Deanna Williams,32,41613
3955,Katelyn Gordon,97,42402
3956,Nicole Jones,61,41147
3957,Laura Maldonado,76,14070
3958,Brian Medina,4,50399
3959,Andrew Murillo,67,68794
3960,Heather Curry,55,97225
3961,Matthew Lee,94,91388
3962,Antonio Matthews,55,4359
3963,Jason Huffman,27,80807
3964,Lee Garcia,1,66035
3965,Kristi Smith,28,51821
3966,Larry Anderson,29,31930
3967,Renee Jimenez,23,47530
3968,Russell Thomas,51,99267
3969,Jennifer Anthony,68,98324
3970,Michael Howell,22,60928
3971,Christopher Watson,4,15153
3972,Elizabeth Crawford,53,11329
3973,Douglas Perez,8,34548
3974,Steven Long,28,27702
3975,Cody Powell,48,48281
3976,Judith Herring,20,13461
3977,Ashley Garza,90,44860
3978,William Leon,5,75127
3979,David Williams,86,46946
3980,Holly Rice,24,26395
3981,Thomas Stevenson,95,51231
3982,Crystal Richard,13,62957
3983,Brandy Durham,17,16023
3984,Brandon Parker,21,90572
3985,Johnathan Castillo,10,16358
3986,Thomas Pearson,81,98838
3987,Ryan Nicholson,44,83574
3988,Joseph Mills,68,96304
3989,Sandra Miller,1,47191
3990,Lisa Sanchez,22,29722
3991,Richard Bean,5,93909
3992,Robert Quinn,35,74161
3993,Robert Rodriguez,98,35621
3994,Ana Taylor,84,73774
3995,Alison Williams,64,58064
3996,Matthew Johnson,13,62300
3997,Beth Myers,52,73607
3998,Don Ford,13,52981
3999,Brittany Sloan,58,89700
4000,Heather Gutierrez,83,19634
4001,Allen Johnson,96,13283
4002,Daniel Ali,28,77266
4003,Taylor Wolfe,55,7739
4004,Kara Zhang,70,7299
4005,Suzanne Jackson,59,50165
4006,Daniel Guerrero,60,36847
4007,Samantha Middleton,18,94735
4008,Christopher Wright,53,85662
4009,Alexandria Mitchell,51,40443
4010,Brian Harris,60,37836
4011,Ashley Bautista,23,98108
4012,Lisa Johnson,18,53446
4013,Anthony Raymond,44,79272
4014,Amanda Thomas,8,64763
4015,Ricardo Harvey,6,29679
4016,Bethany Winters,56,90101
4017,Brandon Clark,65,83944
4018,James Mueller,88,48336
4019,Rhonda Rodgers,11,84729
4020,Vicki Steele,13,62378
4021,Natalie Wolf,21,9088
4022,Rachel Ferguson,9,54417
4023,Regina Rodriguez,73,40970
4024,Andrea Baldwin,34,57408
4025,Jennifer Cooper,100,99719
4026,Kevin Johnson,95,84267
4027,Walter Nguyen,50,51696
4028,Brenda Smith,68,60793
4029,John Snyder,17,44788
4030,Erika Hammond,25,41661
4031,Sara Johnson,25,71332
4032,Timothy Moss,42,89973
4033,Sarah White,87,14147
4034,Michael Mitchell,95,38569
4035,Geoffrey Campbell,45,32950
4036,John Collins,91,77301
4037,Dawn Reyes,88,98105
4038,Natalie Holmes,23,39831
4039,Jonathan Lopez,17,20635
4040,Colleen Stewart,71,58190
4041,Amanda Wilson,63,66974
4042,Amy Jones,9,71626
4043,James Curtis,53,52275
4044,Amanda Lawson,75,7584
4045,Steven Schneider,2,81188
4046,David Todd,66,46191
4047,Lynn Pratt,64,63071
4048,Amber Montgomery,31,77576
4049,Thomas Pittman,13,96616
4050,Jonathan Gardner,67,37974
4051,Carmen Ortiz,54,74366
4052,Alisha Odom,72,84568
4053,Abigail Andrews,94,33711
4054,Ronald Franklin,7,93912
4055,Alan Heath,68,81556
4056,Grace Poole,78,11357
4057,Briana Soto,25,77783
4058,John Krueger,15,98207
4059,Angela Morales,3,95199
4060,Michael Cuevas,30,1158
4061,Julie Ray,1,94770
4062,Luis Smith,8,75188
4063,Cory Knight,45,96354
4064,Shelly Kelly,70,7624
4065,Gregory Carter,89,59810
4066,Bruce Soto,46,50030
4067,Jill Kelly,60,32791
4068,Laura Hickman,10,73156
4069,Amber Lewis,70,19220
4070,Tyler Martinez,82,32365
4071,Linda Nelson,62,41748
4072,Heather Castillo,74,67367
4073,David Jones,7,72767
4074,James Flores,100,26329
4075,Randy Dean,76,76684
4076,Allison Lamb,48,34966
4077,Christina Osborn,43,81632
4078,Mark Kelly,7,58845
4079,Theresa Lang,42,74119
4080,Dawn Bartlett,2,47465
4081,Jennifer Brown,67,73224
4082,Amanda Hicks,28,11359
4083,Lisa Jenkins,89,86967
4084,Diana Johnson,95,80765
4085,Jerome Watson,8,44251
4086,Eric Salazar,60,50582
4087,Robert Gibbs,55,7909
4088,Theresa Gallegos,7,57195
4089,Jennifer Luna,44,97621
4090,Nicholas Rollins,53,7716
4091,Samantha Drake,55,37591
4092,Morgan Martinez,6,62179
4093,John Smith,55,19466
4094,Stephen Thomas,11,18814
4095,Gina Hebert,57,47348
4096,Caitlin Anderson,67,76922
4097,Nicholas Miller,3,51970
4098,Hayley Carter,46,44958
4099,George Bowman,88,8221
4100,Joe Sutton,89,34648
4101,Donna Lee,55,45494
4102,Carlos Smith,91,5571
4103,Grace Vazquez,4,9824
4104,Jeffery Murray,42,63257
4105,Jennifer Walker,71,2670
4106,Richard Shaw,45,98325
4107,Leslie Lopez,76,93261
4108,Jason Lowery,95,27111
4109,Melinda Hodges,67,31350
4110,Richard Hubbard,10,6403
4111,Denise Davis,71,17080
4112,Alexander Chang,100,75177
4113,Joseph Anderson,90,69130
4114,Andrew Hale,24,32632
4115,Jennifer Nguyen,45,28685
4116,Sheila Yates,43,44443
4117,Emily Gonzales,63,79263
4118,Kristina Pierce,4,55056
4119,Christopher Mccullough,22,9341
4120,Kenneth Heath,90,43991
4121,Brandy Coleman,38,68214
4122,Melissa Carey,68,29213
4123,Maria Johnson,75,56089
4124,Johnny Paul,96,78310
4125,Shannon Gonzalez,77,26949
4126,Jennifer Liu,53,3814
4127,Brandon Adams,68,39947
4128,Connie Bullock,40,43224
4129,Barbara Wright,36,16673
4130,William Cisneros,61,7917
4131,Norma Brown,13,10020
4132,Colleen Hutchinson,62,1383
4133,Megan Pearson,84,12140
4134,Maureen Schroeder,62,80508
4135,Tamara Castaneda,55,23008
4136,Sarah Mason,34,47692
4137,Jasmine Coleman,52,48715
4138,Taylor Mccarty,20,82065
4139,James Yang,3,91318
4140,Allison Hughes,74,70852
4141,Elizabeth Ross,73,4267
4142,Kenneth Blake DVM,45,11775
4143,Daniel Perez,49,32976
4144,John Garcia,63,64918
4145,Barbara Torres,47,4154
4146,Matthew Peters,13,76169
4147,Cynthia Gilbert,79,22780
4148,James Ross,42,84238
4149,Timothy Brown,70,3694
4150,David Norman,79,28417
4151,Taylor Reese,35,49834
4152,Debbie Martin,97,80768
4153,Scott Collins,78,79302
4154,Erica Taylor,1,72782
4155,Eric Tucker,59,69505
4156,Claire Eaton,78,31339
4157,Martin Rodriguez,40,5579
4158,Christina Williams,28,24864
4159,Jessica Thomas,50,2036
4160,Michelle Johnson,21,52232
4161,Julia Roberts,98,73634
4162,Kathleen Ortiz,78,52313
4163,Robert Townsend,36,17998
4164,Christine Owens,26,34015
4165,Jacob Shepard,61,27684
4166,Nancy Gay,15,70729
4167,Jillian Griffith,12,66538
4168,Derrick Meyer,92,69170
4169,Bobby Krause,71,2940
4170,Justin Ramos,72,28521
4171,Deanna Arnold,95,90468
4172,Michael Turner,4,39064
4173,Rebecca Sparks,80,14964
4174,Tara Ochoa,23,14499
4175,Keith Gomez,64,22798
4176,Paul Conrad,62,87638
4177,Alejandro Scott,90,76400
4178,Vanessa Gonzalez,86,72550
4179,Stacy Jones,74,57176
4180,Mary Ortiz,56,40692
4181,Stephen Martinez,93,94393
4182,Michelle Warner,76,8504
4183,Jessica Martinez,38,35592
4184,Joseph Miller,72,73939
4185,Sonya Glover,77,43836
4186,Ashley Calderon,41,95097
4187,Stephanie Rogers,39,23341
4188,Brandy Cunningham,26,40224
4189,Christopher Cooper,42,55519
4190,James Mitchell,2,65696
4191,Mrs. Annette Hampton,83,47897
4192,Crystal English,74,73123
4193,Julie Flores,64,69771
4194,William White,49,85360
4195,Dennis Ray,19,77937
4196,Charles Rodriguez,89,29755
4197,Deborah Montgomery DDS,88,8759
4198,Amber Bradley,36,12398
4199,Gregory Jones,47,48958
4200,Joseph Davis,21,18669
4201,Mark Robertson,30,24971
4202,Henry Sanchez,55,9343
4203,William Anderson,65,53512
4204,Jennifer Atkinson,49,30913
4205,Robert Hodge,93,63540
4206,Bradley Gallegos,61,60980
4207,Leslie Gordon,14,17891
4208,Russell Smith,16,49206
4209,Veronica Preston,44,98651
4210,Gregory Howard,93,58465
4211,Joan Pearson,11,77633
4212,Brittany Mcdonald,27,67900
4213,Gabrielle Richards,75,44766
4214,Jeffrey Castillo,36,57624
4215,Justin Carson,44,7026
4216,Jennifer Larson,13,22361
4217,Joshua Snyder,5,53251
4218,Eric Bell,25,36032
4219,Jose Andrade,10,12369
4220,Sandra Fisher,25,55551
4221,Michael Torres,51,50803
4222,Peter Smith,77,97770
4223,Natalie Livingston,4,80282
4224,Roy Moss,46,13976
4225,Ryan Brown,6,10065
4226,James Garcia,11,26985
4227,Whitney Taylor,46,29605
4228,Jose Morales,40,4450
4229,Justin Knox,10,59666
4230,Amanda Fuller,13,28522
4231,Maria Clark,9,91813
4232,Debbie Lewis,46,65611
4233,Mr. Ryan Johnson,78,3090
4234,Kayla Mills DDS,4,25433
4235,Samuel Sims,53,80624
4236,Stanley Miller,45,14389
4237,Elizabeth Shaw,20,28190
4238,David Morrison,98,50709
4239,David Contreras,8,9194
4240,Angela Diaz,73,54136
4241,Philip Barker,39,98530
4242,Joseph Gay,17,91201
4243,Dr. Alexander Robertson,72,25850
4244,Lisa Moore,12,13884
4245,Erik Golden,27,38637
4246,Samantha Huber,18,88755
4247,Jacqueline Williams,92,30622
4248,Jason Mclean,97,72810
4249,Sarah Bryan,9,40390
4250,Suzanne Patterson,83,56599
4251,Jack Odonnell,75,59632
4252,Paul Bowman,36,13684
4253,Reginald Rodriguez,42,50485
4254,Dr. Mark Powell,90,41689
4255,William Gonzalez,63,90695
4256,Claire Holt,58,25592
4257,Jeffrey Harmon,98,16994
4258,Taylor Schneider,35,76259
4259,Brian Rollins,5,64923
4260,Tina Torres,57,12390
4261,Steven Horton,76,79989
4262,Sandra Winters,23,76545
4263,Danielle Cunningham,17,74477
4264,Kimberly Hernandez,99,43630
4265,James Watson,40,14220
4266,Sarah Delacruz,30,43911
4267,Kevin Herman,43,29877
4268,Jasmine Wise,50,7866
4269,Tammy Thomas,79,90951
4270,Charles Floyd,71,47676
4271,Elizabeth Moore,72,10822
4272,Rachael Wise,42,83171
4273,Nicole Adams,5,94584
4274,Karen Bailey,54,2967
4275,Robert Griffin,48,73592
4276,Dana Jones,18,47704
4277,Lisa Harper,35,61413
4278,David Mitchell,83,40886
4279,Juan Ward,66,46236
4280,Caitlin Shaw,5,22846
4281,Edward Hooper,52,4491
4282,Randall Gill,21,48178
4283,Carol Gordon,67,14370
4284,Joe Meyer,51,98127
4285,Emily Johnson,88,31631
4286,Meghan Berry,26,38980
4287,Joan Cooper,70,91151
4288,Michele Henderson,68,88343
4289,Stephanie Walker,50,50941
4290,Susan Miller,39,44730
4291,Aimee Boyd,18,20435
4292,Elizabeth Bowers,48,96572
4293,Christopher Griffin,61,71439
4294,Adam Lopez PhD,17,91801
4295,Jennifer Snow,47,72333
4296,Troy Orr,75,15086
4297,Anne West,94,72840
4298,Gregory Williams,48,85850
4299,Leslie Richards,97,39243
4300,Justin Rose,94,37950
4301,Barbara Pearson,89,26379
4302,Dale Moore,60,95869
4303,Kayla Friedman,50,99945
4304,Alisha Barr,40,87151
4305,Erica Rodriguez,89,50094
4306,Megan Mejia,28,24881
4307,Adam Johnson,17,57607
4308,Christie Higgins,81,11406
4309,Timothy Lee,81,42270
4310,Andrea Gonzales,46,34570
4311,Ethan Fleming,59,71243
4312,Erica Scott,39,57779
4313,Andrea Walker,32,67242
4314,Steven Smith,53,35758
4315,Christopher Mcdaniel,23,34375
4316,Erica Perez,35,94878
4317,Nicole Ward,45,74698
4318,Marcus Lewis,63,23831
4319,Jessica Lynch,69,69810
4320,Michael Chan,49,99157
4321,Taylor Smith,66,11623
4322,Terry Johnson,16,13310
4323,Carl Young,36,42072
4324,Tina Gray,20,40312
4325,Jerry Nichols,16,72909
4326,Jessica Rivera,23,65435
4327,Patricia Foley,59,52368
4328,Beth Reed,90,51745
4329,Lisa Cummings,61,91815
4330,Gary Burns,45,98178
4331,Erin Wood,74,14234
4332,Lisa Ward,94,39215
4333,Carmen Soto,51,51182
4334,Jason Foster,44,70441
4335,Whitney Jones,11,35623
4336,Anna Thompson,21,91287
4337,David Guerrero,88,42447
4338,Denise Carter,91,23952
4339,Christina Allen,18,23117
4340,Geoffrey Fitzpatrick,58,19734
4341,James Turner,2,89290
4342,Juan Peters,88,23470
4343,Anita Mendoza,98,31570
4344,Sean Allen,65,21483
4345,Bradley Haney,52,10428
4346,Timothy Brown,7,85922
4347,Elizabeth Thompson,64,75572
4348,Frederick Ruiz,26,37192
4349,Tracy Collier,65,49110
4350,James Rhodes,68,86417
4351,Sara Moses,51,15990
4352,Stephen Lozano,69,85561
4353,Elizabeth Esparza,46,68999
4354,Dr. Kaitlyn Barnett DDS,28,30189
4355,Hunter Smith DDS,32,60721
4356,Stuart Shields,19,70761
4357,Jason Stuart,32,1651
4358,Edward Solis,8,64372
4359,Jimmy Scott,57,42757
4360,Lauren Elliott,43,94724
4361,Amy Stephens,95,51564
4362,Michael Burnett,46,21056
4363,Cory Rose,54,57959
4364,Jeffrey Lee,22,73340
4365,Patricia Paul,80,28354
4366,Debra Walker,93,4275
4367,Elizabeth Grant,68,53077
4368,Karen Dawson,100,2618
4369,Joseph Monroe,32,78555
4370,Christopher Wise,31,2585
4371,Lacey Martinez,50,16374
4372,Jeffrey Gamble,87,3215
4373,Jesse Roberts,48,40046
4374,Andrew Hardy,92,44063
4375,Jessica Briggs,69,21416
4376,Erica Garcia,74,35347
4377,Juan Copeland,57,87570
4378,Kyle Johnson,74,28267
4379,Matthew Kelly,38,99668
4380,Victoria Bender,60,71391
4381,Derek Banks,54,3583
4382,Alexander Navarro,31,45346
4383,Melvin Allen,100,65177
4384,Timothy Adams,55,28919
4385,William Lewis,10,4429
4386,Molly Greene,8,75819
4387,Eddie Curtis,55,69812
4388,Brian Yates,42,21035
4389,William Arroyo,97,70772
4390,Destiny Howe,45,41340
4391,Ryan Williams,68,54019
4392,Kayla Howard,84,99544
4393,Richard Cox,93,23231
4394,Chelsea Valdez,73,45707
4395,Jacob Oliver,65,66127
4396,Steve Lopez,29,17818
4397,Frederick Long,21,76537
4398,Stacey Arnold,68,72295
4399,Gail Ramirez,66,21988
4400,Adrienne Smith,18,82778
4401,Elizabeth Roberts,21,61843
4402,Patricia Collins,39,24416
4403,Todd Faulkner,84,78426
4404,Maurice Johnson,1,64701
4405,Brian Brown,27,18318
4406,Michelle Graham,29,98526
4407,Nicole Smith,91,6520
4408,Christopher Hamilton,47,78084
4409,Patrick Hamilton,36,60004
4410,Gregory Pena,21,15767
4411,Gary Miller,9,75929
4412,Michael Benson,53,15541
4413,Brittany Atkins,45,7668
4414,Emily Petty,37,19864
4415,Brian Padilla,1,82471
4416,Karla Phillips,9,36274
4417,Kelly Moody,2,8931
4418,Andrea Mckay,69,73667
4419,Aaron Sanders,6,17141
4420,Tyler Guzman,96,73901
4421,Catherine Jimenez,38,25333
4422,Adam Maynard,65,19966
4423,Carrie Taylor,64,56117
4424,Sean White,19,81041
4425,Justin Sanchez,46,56348
4426,Sherry Tate,57,2222
4427,Jimmy Leonard,32,93136
4428,Amanda Owen,35,10971
4429,Jill Clark,53,80015
4430,Michael Davis,6,81065
4431,Mr. Walter Stone,95,86111
4432,Evan Newman,35,95257
4433,Steven Turner,23,24357
4434,Bradley Flynn,82,8287
4435,Eric Johnson,97,97549
4436,Jared Terry,5,38725
4437,Nicholas Roberts,80,2740
4438,Maria Mcknight,58,5264
4439,Matthew Davis,75,17805
4440,Terri Hernandez,81,28223
4441,Austin Stewart,10,98486
4442,Tommy Luna,21,43064
4443,Danielle Cain,58,9341
4444,Anthony Gomez,3,43454
4445,James Newton,83,91962
4446,Andrew Ingram,4,45004
4447,Joseph Robinson,59,51994
4448,Greg Mcdonald,17,61070
4449,Thomas Fisher,51,74739
4450,Victoria Turner,57,41532
4451,Steven Juarez,79,72405
4452,Evelyn Davis,95,42540
4453,Michael Arnold,72,20802
4454,Daniel Johnson,1,46797
4455,Brent Jenkins,66,30773
4456,Amanda Potter,31,42014
4457,Joshua Thomas,52,25130
4458,Russell Herrera,61,40584
4459,Kevin Thomas DDS,78,15558
4460,Alejandra Horne,56,80554
4461,Terry Hartman,69,69507
4462,Eric Chambers,21,5186
4463,Denise Reyes,95,13558
4464,Craig Williams,73,91908
4465,Christopher Stephens MD,34,70032
4466,Elijah Young,31,49739
4467,Mark Franklin,54,64238
4468,Roy Romero,94,52482
4469,Rachel Logan,71,62794
4470,Brandon Hill,10,23776
4471,Jonathan Nixon,29,26588
4472,Crystal Anderson,33,82566
4473,Victoria Schaefer,56,27101
4474,Mrs. Heidi Livingston,40,26305
4475,Taylor Randolph,66,6540
4476,Sarah Baldwin,44,42695
4477,Justin Greene,53,98205
4478,Michelle Reed,73,86117
4479,Ashley Moore,99,20055
4480,Patricia Nguyen,13,65847
4481,Ruth Gillespie,40,65992
4482,Emily Christensen,91,34236
4483,Kayla Harrison,69,90196
4484,Kristin Anderson,70,40046
4485,Sarah Black,99,56837
4486,Brad Martinez,85,15400
4487,Kathleen Vazquez,59,61022
4488,Kristen Sanchez,34,62575
4489,Robert Nguyen,63,37404
4490,Linda Smith,96,17839
4491,Richard Mcfarland,87,49788
4492,Michelle Bishop,99,57005
4493,Jessica Arnold,72,8629
4494,Christopher Carlson,44,81309
4495,Regina Vazquez,50,29073
4496,Michael Pena,45,18162
4497,Brian Campbell,72,45720
4498,Jordan Walters,78,50374
4499,Lindsay Davis,45,98259
4500,Scott Morales,41,76113
4501,Martha Martinez,94,44161
4502,Rose Rodriguez,71,23429
4503,Aaron Lee,34,12148
4504,Kaylee Peterson,7,91449
4505,Diamond Johnson,57,20231
4506,Kristi Graves,64,86803
4507,Sandy Lambert,64,72486
4508,Ann Thomas,67,14650
4509,Kristen Acosta,42,7739
4510,Patrick Cruz,87,10667
4511,Joel Drake,73,99941
4512,Michael Ford,54,50913
4513,Andrew Garcia,93,37414
4514,Brandon Mcgee,29,13691
4515,Jonathan Nolan,13,63575
4516,Justin Marquez,79,61075
4517,Cassandra Green,28,89320
4518,Sarah Williams,29,2332
4519,Brian Reilly,80,91168
4520,Caleb White,22,58464
4521,Samuel Harris,49,98641
4522,William Haley,22,81033
4523,Vincent Rose,82,99142
4524,Jessica Small,4,50578
4525,Mary Lane,31,2292
4526,Laura Bryan,3,4407
4527,Kathleen Lamb,5,54465
4528,April Schultz,83,97603
4529,Marissa Chavez,43,6480
4530,Kimberly Campbell,100,59563
4531,Mary Mills,15,87077
4532,Kimberly Carter,94,33945
4533,David Rodriguez,4,34221
4534,Allen Valenzuela,68,46916
4535,Brandi Bryant,23,98520
4536,Michael Vega,61,41118
4537,Sara Boyd,90,15113
4538,Randy Gonzales,9,78641
4539,Eric Wheeler,77,6938
4540,Haley Goodwin,88,18372
4541,Allison Levy,38,55636
4542,John Hale,51,72411
4543,Debbie Nelson,38,1009
4544,Michael Bowman,77,87399
4545,Nicholas Jenkins,74,60465
4546,Timothy Cook,98,39277
4547,Lisa Brown,83,98103
4548,Richard Anderson,75,17212
4549,Mackenzie Wallace,76,88319
4550,Alexis Roberts,43,88879
4551,Joseph Campbell,40,29920
4552,Robert Barnett,20,66782
4553,William Lopez,81,60503
4554,Drew Johnson,63,90778
4555,Kelly Hill,55,28720
4556,Gregory Horn,20,60564
4557,Emily Watson,63,26151
4558,Monica Rivera,7,77502
4559,Melissa Ryan,69,68292
4560,Diana Scott MD,41,63076
4561,Joseph Ryan,32,30849
4562,Madison Walsh,9,43355
4563,Michael Castillo,75,81274
4564,Gary Jackson,26,61525
4565,Lisa Owen,8,47771
4566,Rickey Turner,64,25159
4567,Tommy Bryant,26,23583
4568,Mitchell Smith,86,37941
4569,James Pitts,5,46131
4570,Barbara Evans,66,69492
4571,Michael Richard,76,92412
4572,Charlene Wallace,50,66811
4573,Megan Olson,92,37283
4574,Brian Oneal,73,24543
4575,Amanda Kerr,82,87804
4576,Steven Galloway,20,34985
4577,Patricia Smith,81,56582
4578,John Brooks,76,54833
4579,Jerome Banks,38,38225
4580,Justin Lee,56,65808
4581,Timothy Woodard,71,63753
4582,Christina Smith,41,86957
4583,Stephen Miller,13,22537
4584,Adam Gould,11,52168
4585,Sarah West,34,8811
4586,Michael Morse,52,14197
4587,Jessica Ellis,58,81251
4588,Sherri Boyd,4,25110
4589,Richard Brown,63,49555
4590,Danielle Chandler,13,76231
4591,Barbara Holmes,68,75316
4592,William Bailey,70,1114
4593,Connie Lutz,63,35247
4594,Margaret Mendoza,94,26157
4595,Daniel Norman,46,18396
4596,Vicki Davis,6,50484
4597,John Martinez,30,72531
4598,Daniel Jackson,22,87651
4599,Amy Powers,64,83228
4600,Crystal Jones,45,58551
4601,Mary King,62,42636
4602,Michael Smith,55,38080
4603,Karen Brooks,34,56337
4604,Courtney Baker,96,83742
4605,Nichole Thompson,47,79211
4606,Michael Mason,52,14890
4607,Leslie Castillo,60,67971
4608,Jeffrey Kelly,52,96954
4609,Sandra Escobar,40,95711
4610,Michelle Silva,88,3363
4611,Jeffrey Ellis,30,53113
4612,Gina Martin,81,24788
4613,Melissa Harrington,68,18026
4614,Nicole French,63,1260
4615,Rhonda Anderson,20,12662
4616,Aaron Harris,70,99802
4617,Michelle Stewart,37,30089
4618,Samuel Wallace,99,72615
4619,Joshua Walsh,76,96810
4620,James Rivera,53,32436
4621,Jennifer Luna,32,29930
4622,Curtis Ramsey,68,3163
4623,Penny Barnes,53,71142
4624,Amy Wagner,99,75997
4625,Edwin Schmidt,32,46552
4626,Maria Mullins,74,48119
4627,Diana Miller,8,56103
4628,Diana Mcdaniel,80,97172
4629,Amanda Riddle,14,22526
4630,Ashley Merritt,93,52832
4631,Mary Marshall,79,92613
4632,Erin Mitchell,39,95969
4633,David Sanchez,89,92672
4634,Bruce Carter,57,50770
4635,Kim Smith,68,99904
4636,Steven Dickson,33,12832
4637,Nicholas Jackson,20,64394
4638,Karl Bauer,17,48260
4639,Frank Salazar,41,13119
4640,Carlos Lopez,29,73834
4641,Gary Harris,6,26300
4642,Sarah Thompson,60,41630
4643,Rachel Parsons,15,35884
4644,Javier Miller,80,66324
4645,Tyler Ramos,27,72770
4646,Cheryl Henry,75,12011
4647,David Small,32,37800
4648,Barbara Wise,49,41375
4649,Billy Yu,85,47283
4650,Kevin White,84,42878
4651,Jacob Davis,44,7368
4652,Mr. Carl Fletcher,88,86367
4653,Catherine Mcdonald,69,38247
4654,Angela Brock,96,53328
4655,Patrick Long,94,56679
4656,Michelle Wells,51,94337
4657,Victoria Vincent,89,60254
4658,Anthony Romero,46,85534
4659,Joanna Hensley,38,5023
4660,Dylan Frye,3,65840
4661,Stephanie Jones,71,37942
4662,Catherine Riggs,33,9201
4663,Vincent Bailey,19,93968
4664,Fred White,92,19203
4665,Madison Cooper,61,42412
4666,Daniel Hamilton,69,62138
4667,Robert Baker,32,16524
4668,Mitchell Thomas,76,55221
4669,Janet Flowers,48,77821
4670,Dennis Mullen,85,57299
4671,Sean Turner,78,89430
4672,Tiffany Cooper,86,48287
4673,Jose Simpson,66,98865
4674,Jamie Chavez,12,40909
4675,Emily Pitts,67,35765
4676,William Reilly,83,71635
4677,Jennifer Dixon,81,12185
4678,Dan Mora,95,76353
4679,Maria Davis,72,36084
4680,Jason King,89,52236
4681,Melissa Chang,8,96989
4682,David Williams,8,15118
4683,Linda Richard,67,22397
4684,Kevin White,6,46233
4685,Michelle Harris,21,99604
4686,Richard Thomas,69,98896
4687,Amber Johnson,78,70476
4688,Elizabeth Swanson,12,41027
4689,Erika Coffey,93,9214
4690,Antonio Mason,79,31134
4691,Jessica Lucero,87,13962
4692,Thomas Rodriguez,59,55074
4693,Charles Smith,62,89476
4694,Amy Wilson,2,38117
4695,Fred Horton,100,63894
4696,Pamela Wright,93,10996
4697,Mark Perez,61,44013
4698,Heather Haas,72,2698
4699,Samuel Dean,2,77130
4700,Jesus King,38,74272
4701,Kayla White,1,2963
4702,Luis Fischer,22,86911
4703,Paul Mckay,86,97350
4704,Jason Garcia,33,55955
4705,Henry Henderson,78,2669
4706,Lisa Goodman,51,58895
4707,Donna Cook,57,98945
4708,Morgan Suarez,21,77198
4709,Elizabeth Collins,95,5872
4710,Jerry Blair,98,21200
4711,Walter Richmond Jr.,8,46955
4712,Joel Thomas,57,71007
4713,Anthony Cantu,9,73898
4714,Jennifer Hunt,66,26266
4715,Brandon Hammond,41,38282
4716,Diane Dudley,47,35454
4717,Ebony Rivera,68,53370
4718,Matthew Murphy,58,26947
4719,Lisa Mendez,83,39102
4720,Paul Lewis,49,51996
4721,Michele Sanchez,36,47901
4722,Krista Hoffman,1,5787
4723,Morgan Kramer,7,37861
4724,Mary Lopez,11,1169
4725,Thomas Fox,76,37586
4726,Bonnie Gonzalez,4,68381
4727,Alicia Cox,40,19234
4728,Curtis Wilson,23,90965
4729,Amy Clark,86,89244
4730,David Nguyen,90,13523
4731,Jeffrey Weiss,91,93828
4732,Christopher Tanner,75,51636
4733,Erik Jones,69,18632
4734,Mike Weber,85,66713
4735,Adam Turner,65,82123
4736,Erik May,51,96458
4737,James Webb,78,52683
4738,Kelly Thomas,5,50413
4739,Chase Gibson,60,16491
4740,Brenda Clements,18,59722
4741,Theresa Rice,42,39319
4742,Rebecca Mcdaniel,40,34954
4743,Jennifer Landry,28,72795
4744,Eileen Hawkins,64,21352
4745,Susan Jackson,13,10451
4746,Kim Morris,46,89938
4747,Maureen Schmidt,36,52684
4748,Pamela Beard,38,47791
4749,William Robinson,60,89333
4750,Amanda Weaver,54,71129
4751,Chase Walsh,40,17928
4752,Lisa Myers,95,84701
4753,Erin Carlson,51,96435
4754,Amber Franco,49,48351
4755,Leslie Kelley,81,90743
4756,Joseph Flores,65,96252
4757,Kent Cooley,30,48389
4758,Dylan Elliott,75,47107
4759,Michael Cook,23,9302
4760,Dana Dominguez,21,61532
4761,Terry Lewis,92,39636
4762,Annette Webb,13,60501
4763,Benjamin Ross,49,37638
4764,Nicole James,18,33133
4765,Adam White,97,16003
4766,Jason Bell,17,69390
4767,Thomas Miller,6,57255
4768,Kevin Kerr,2,92522
4769,Christopher Atkins,12,11248
4770,Jonathan West,89,95447
4771,Denise Buckley,93,95616
4772,Cory Green,86,76994
4773,Kyle Miller,36,50042
4774,Sarah Jackson,57,98095
4775,Amanda Livingston,63,88111
4776,Michael Kirby,86,5844
4777,James Montgomery,100,6778
4778,Barry Stein,22,14256
4779,Brandon Collins,62,89156
4780,Michelle Ross,87,11689
4781,John Wallace,25,46969
4782,Peter Patel,58,49695
4783,Eric Mendez,59,3063
4784,Robert Hernandez,5,26617
4785,Christina Thompson,98,74704
4786,Gary Richardson,74,3716
4787,William Wilson,3,30488
4788,Melinda Allen,46,39614
4789,Kyle Lawson,75,97298
4790,Holly Mejia,18,2972
4791,Carl Sharp,23,26074
4792,Jessica Johnson,20,92271
4793,Rebecca Lopez,72,78685
4794,Tyler Norman,92,17657
4795,Cynthia Mccormick,30,76997
4796,Kelsey Adams,27,23213
4797,Richard Mcdaniel,33,99242
4798,Stephanie Kelly,52,15682
4799,Alexander Horn,49,25478
4800,Elizabeth Brown,75,44145
4801,Sabrina Miller,2,12650
4802,Connor Marshall,56,82488
4803,Bobby Johnson,44,80539
4804,Joyce Mccormick,2,66710
4805,Matthew Mann,35,66725
4806,Dennis Arroyo,91,79914
4807,Michelle Richardson,14,93008
4808,Robert Powell,68,98099
4809,Jill Kerr,100,49464
4810,Carol Harrison,95,17654
4811,Jacob Woods,37,43422
4812,Tina Moore,54,12930
4813,Jessica Newman,9,97524
4814,Samantha Lopez,5,96523
4815,Mark Lee,39,41812
4816,Sergio Austin,15,90774
4817,Ryan Graves,88,84373
4818,Phillip Ballard,17,39117
4819,John Le,39,73651
4820,Peggy Guzman,64,53668
4821,Christopher Webb,56,81513
4822,Mrs. Christy Watkins,11,17680
4823,Danny Henderson,64,69205
4824,Angela Moses,69,6640
4825,Chelsea Barton,99,37423
4826,Gina Walsh,78,62518
4827,Erica Bullock,51,78753
4828,Erica Harris,37,97355
4829,Andrew Cisneros,53,8360
4830,Christopher Benitez,13,8069
4831,Kimberly Lowe,39,50738
4832,Jake Sutton,92,23717
4833,Chloe Green,15,63503
4834,Lindsey Hernandez,29,47088
4835,Victor Dodson,16,71275
4836,Courtney Nguyen,48,64166
4837,Timothy Ward,66,94118
4838,Victoria Valenzuela,5,58757
4839,David Willis,65,48687
4840,Richard Kim,80,26779
4841,Christine Miller,53,64028
4842,Teresa Stokes,4,53939
4843,Dr. Megan Gordon,62,87579
4844,Richard Bates,74,51280
4845,Dennis Wood,67,82221
4846,Sabrina Warren,74,60332
4847,Donald Pierce,40,65326
4848,Jesse Young,91,5127
4849,Terry Gates,66,66163
4850,Benjamin Fernandez,60,61173
4851,Mr. Joseph Spencer,22,34320
4852,Joe Murray,64,86582
4853,Manuel Williams,73,87765
4854,Andrew Humphrey,35,39216
4855,Brittany Taylor,40,78690
4856,Danielle Morgan,44,51969
4857,James Hanson,90,25071
4858,Jasmin King,80,96930
4859,Tiffany Cooper,61,41183
4860,Anthony Golden,11,31287
4861,Michael Hawkins,88,22725
4862,James Hayes,26,14919
4863,Mrs. Erika Thomas DDS,29,89864
4864,Alexis Young,36,71463
4865,Devin Lawrence,90,73307
4866,Eric Wang,89,99588
4867,Laura Blair,22,56946
4868,Richard Turner,53,27268
4869,Ryan Robbins,69,78401
4870,Linda Stephens,94,94943
4871,Laura West,80,54674
4872,Glenda Wilson,61,9376
4873,David Waller,91,89883
4874,Katherine Diaz,85,65536
4875,Jacob Bell,84,12537
4876,Aaron Steele,89,33246
4877,Timothy Sparks,4,68933
4878,Jessica Gray,5,56764
4879,Amy Turner,43,91508
4880,Christopher Baker,52,85762
4881,Clinton Powers,61,28357
4882,Micheal Beltran,9,98957
4883,Karen Clark,34,99821
4884,Caitlin Simmons,92,94788
4885,Rachel Evans,37,19705
4886,Yvonne Faulkner,31,68700
4887,Cassidy Myers,85,52758
4888,Erik Moody,81,91366
4889,Paula Pratt,36,38161
4890,Andrew Sanchez,9,36926
4891,Caleb Rios,79,18798
4892,Mike Ward,26,26769
4893,Michael Fuentes,26,98572
4894,Kayla Vasquez,81,51663
4895,Michael Johnson,28,19144
4896,Ricky Lester,8,7646
4897,Tommy Decker,1,23398
4898,Andrew Huang,99,16282
4899,Anthony Rogers,90,39071
4900,Charles Thomas,37,70432
4901,Kara Johnson,96,64338
4902,Albert Gonzalez,27,82261
4903,Jared Dominguez,10,92837
4904,Benjamin Robinson,86,49604
4905,Donna Watkins,14,5711
4906,Scott Gutierrez,60,47926
4907,Megan Villa,58,40343
4908,Brandon Hamilton,57,51124
4909,Maria Mcdonald,81,48687
4910,Abigail Harris,77,5081
4911,Jason Wolf,12,29897
4912,Tracy Gallegos,23,8435
4913,Elizabeth Hooper MD,15,22419
4914,Richard Beasley,54,47433
4915,Craig Petersen,39,31481
4916,Joseph Nelson,7,82890
4917,Ronnie Johnson,63,76620
4918,Mark Rhodes,71,92192
4919,Carly Moreno,35,29987
4920,Ruth Nelson,69,89707
4921,Christian Brewer,45,9532
4922,Lori Patton,64,25071
4923,Amber Clark,58,27097
4924,Luis Conway,29,1405
4925,Samantha Rojas,86,82151
4926,Samuel Hunt,23,62413
4927,Dylan Bailey,88,20240
4928,Gina Davis,9,37957
4929,Veronica Taylor,55,41637
4930,Brandi Miller,63,78727
4931,Paul Turner,12,68414
4932,David Porter,72,38662
4933,Christopher Davis,87,90242
4934,Laura Aguilar,62,10922
4935,James Ferguson,16,97906
4936,Elizabeth Ryan,69,67424
4937,Gregory Rose,4,10646
4938,Jay Brown,36,6608
4939,Patricia Gibson,49,88354
4940,Taylor Gray,83,61753
4941,Carrie Rivera,58,79237
4942,Chelsea Jacobs MD,15,32475
4943,Jennifer Russell,85,8748
4944,Steven Ryan,88,48270
4945,Sarah Sanchez,88,4490
4946,Julia Fields,3,15995
4947,Kevin Smith,89,46641
4948,Brandon Johnson,87,98359
4949,Steven Archer,30,57086
4950,Nancy Ritter,52,80059
4951,Hunter Wong,66,43007
4952,Natalie Bailey,78,21952
4953,Karen Romero,68,54740
4954,Christopher Jackson,70,23859
4955,Stephen Richardson,81,10508
4956,Ashley Mercado,25,20638
4957,Cynthia Haley,25,1026
4958,Brian Tucker,3,3787
4959,David Calderon,42,51074
4960,Hector Valencia,54,28207
4961,Tracy Martinez,3,79526
4962,Alexis Morris,5,35815
4963,Lee Swanson,70,76913
4964,David Henderson,23,75818
4965,Antonio Gomez,63,34048
4966,Russell Black,29,64239
4967,Julian Fowler,55,88126
4968,Melissa Morrison,48,77474
4969,Zachary Johnson,61,23888
4970,Kevin Smith,70,50180
4971,Sarah Soto,51,34891
4972,Richard Jones,97,67611
4973,Tina Becker,41,40957
4974,Linda Reed,21,81970
4975,Joyce Porter,39,97438
4976,Amanda Saunders,30,91856
4977,Cheryl Perez,36,64827
4978,David Edwards,7,86815
4979,Samuel Fernandez,56,76574
4980,Patricia Nelson,69,10905
4981,Stephen Kennedy,56,69350
4982,Gary Walker,69,94049
4983,Kristen Lawrence,9,45492
4984,Kenneth Stone,99,32197
4985,Patrick Tucker,23,31678
4986,John Cruz MD,45,35101
4987,Warren Dixon,30,92789
4988,Connie Wilson,43,35854
4989,Joy Watson,89,47793
4990,Donald Christensen,83,56076
4991,Catherine Walker,52,72467
4992,Susan Davidson,62,5451
4993,Matthew Harrison,34,76417
4994,Lisa Castillo,8,43357
4995,Tammy Parker,79,54072
4996,Mark Sparks,2,12936
4997,James Murphy,16,57602
4998,Sarah Combs,61,62137
4999,Emily Walker,66,94492
5000,Jay Norman,36,31780
5001,Michael Powell,7,39722
5002,Paul Morris,23,34213
5003,Hannah Moreno,72,9824
5004,James Cameron,34,38864
5005,Ryan Phillips,71,86668
5006,Jerry Castro,43,26155
5007,Stephen Arias,98,97334
5008,Jennifer Morton,90,25690
5009,Jacob Martinez,72,82015
5010,Michelle Carter,59,7862
5011,Casey Schneider,37,2102
5012,Alexandra Carlson,86,74712
5013,Melissa Ruiz,28,23441
5014,Christian Garcia,89,47957
5015,Martin Dixon,26,31021
5016,Katie Nelson,13,70911
5017,Michael Hartman,16,44054
5018,David Powers,83,95739
5019,Michael Rodriguez,82,94208
5020,Heather Jackson,3,97295
5021,David Williams,3,66861
5022,Christian Alvarado,82,36726
5023,Joshua Sheppard,20,8794
5024,Marcus Nguyen,10,44312
5025,Stephen Washington,25,26947
5026,Margaret Johnson,72,64551
5027,James Fox,1,3562
5028,Wayne Meadows,27,51360
5029,Todd Moore,83,97342
5030,Kelsey Riggs,82,20712
5031,Dylan Ingram,71,86871
5032,Richard Martinez,8,88711
5033,Michael Leblanc,81,77600
5034,Corey Miller,7,72091
5035,Cynthia Jones,72,73084
5036,Samuel Cunningham,55,78385
5037,Gail Ellison,52,42496
5038,Julia Petty,16,25139
5039,Ashley Gross,42,84052
5040,Ryan Young,14,10080
5041,Becky White,25,70187
5042,Tyler Gonzalez PhD,92,35057
5043,Christina Tate DDS,98,96590
5044,Jeffrey Boyd,44,65778
5045,Renee Williams,73,43813
5046,Kim Rodgers,35,56873
5047,Donald Patterson,60,3237
5048,Bradley Sanchez,78,21946
5049,Deborah Johnson,90,66646
5050,Daniel Holder,81,81786
5051,Monica Scott,14,93501
5052,Sean Roberts,23,80461
5053,Courtney Ryan,46,45119
5054,Gwendolyn Ramos,73,40025
5055,Dana Clark,20,55965
5056,Robert Adams,61,25620
5057,Frederick Allen,28,70912
5058,Anthony Beck,61,42898
5059,Frank Bentley,92,58426
5060,Tamara Johnson,61,50480
5061,Brandon Holmes,56,90588
5062,James Cortez,82,82938
5063,Sabrina Smith,6,8006
5064,Adam Turner,42,36586
5065,Frank Silva,27,20263
5066,Jennifer Benjamin,12,62058
5067,Jason Meadows,78,73842
5068,Roger Hicks,41,9789
5069,Danielle Jones,12,15669
5070,Jon Bryan,83,21233
5071,Douglas Brown,11,63860
5072,Kelly Brooks,99,84387
5073,Amanda Roberts,33,67135
5074,Daniel Jackson,3,69053
5075,Andrew Brennan,53,24581
5076,Justin Wells,88,23803
5077,Malik Bean,19,60508
5078,Jeff Brown,89,51671
5079,Brian Miller II,93,13381
5080,Renee Williams,43,5473
5081,Laura Thompson,84,29576
5082,Tony Schmidt,98,74975
5083,Brandy Robbins,94,57741
5084,Juan Thomas,9,92352
5085,James Garza,62,14609
5086,Amber Gray,20,34649
5087,Patrick Brown,100,88963
5088,Calvin Stanley,79,49382
5089,Shannon Fox,55,44230
5090,Julie Perry,62,2374
5091,Shannon Reynolds,40,84237
5092,Kevin Robinson,14,78746
5093,Brenda Pineda,31,39039
5094,Amber Gordon,36,57885
5095,Dana Jones,11,37016
5096,Jennifer Pace,43,35558
5097,Gary Reese,27,11039
5098,James Simpson,70,3392
5099,Maria Palmer,11,39992
5100,Eric Weber,49,6254
5101,Kathleen Meyer,1,10245
5102,Walter Little,17,11379
5103,Tammy Baird,71,85703
5104,Katherine Young,99,34552
5105,Christina Robinson,48,62769
5106,Lisa Jones,82,31126
5107,Kevin Davis,78,51875
5108,Lauren Smith,85,24781
5109,Brittany Simpson,98,99200
5110,Deborah Stanley,83,41908
5111,April Hancock,54,27917
5112,Taylor Roberts,81,38958
5113,Elijah Cowan,67,66509
5114,Clifford Mckee,4,34145
5115,Adam Mitchell,87,53055
5116,Patricia Roberts,34,48175
5117,Ashley Lewis,38,74943
5118,Tammy King,58,51924
5119,Candace Terry,85,49629
5120,Laura Dennis,92,19540
5121,Michael Nielsen,62,38074
5122,Julie Brewer,26,67204
5123,Matthew Herrera,34,30550
5124,Kelly Hanson,72,17500
5125,Russell Carter,1,24971
5126,Kathy Long,31,38281
5127,Brittney Scott,92,15987
5128,Brittney Gonzalez,85,58394
5129,Melissa Daniels,27,76805
5130,Jennifer Bates,66,39299
5131,Jay Hayes,79,87760
5132,Ruben Whitaker,19,20244
5133,Leslie Chapman,61,46113
5134,Elizabeth Calderon,77,81646
5135,Jose Velez,22,4567
5136,Sophia Anderson,91,34430
5137,Lori Price,39,36098
5138,Amanda White,51,22087
5139,Megan Parker,41,58514
5140,Joshua Burns,36,43798
5141,Cory Cole,83,82876
5142,Bryan Vazquez,68,57358
5143,Brent Webb,89,2305
5144,Michael Nguyen,83,31302
5145,Shawn Acosta,32,90399
5146,Jeffrey Washington,76,85101
5147,Bryce Munoz,65,17533
5148,Glenn Wright,58,38618
5149,Yolanda Weber,49,18965
5150,Deborah Nelson,83,48326
5151,Brett Martinez,45,46438
5152,Carla Baker,32,33596
5153,Emily Atkinson,44,1789
5154,James Hansen,81,35911
5155,Logan Pittman,28,56108
5156,Amber Phillips,88,69937
5157,Jeremy Reyes,72,72898
5158,Andrea Smith,96,67268
5159,Jeffrey Johnson,100,34712
5160,Judy Jensen,76,90699
5161,Alec Mclaughlin,73,28302
5162,Terri Hess,62,97794
5163,Elizabeth Moore PhD,26,83755
5164,Regina Johnson,57,29229
5165,Breanna Austin,5,57395
5166,Michele Lamb,11,5071
5167,Gregory Lee,53,93592
5168,Jacob Aguirre,46,14689
5169,Dustin Powell,39,6580
5170,James Davis,52,52453
5171,Tracy Spencer,84,66438
5172,Nicole Richardson,45,92124
5173,Kimberly Riley,42,96903
5174,April Franco,53,35797
5175,Brett Knight,86,97294
5176,Melissa Alvarado,47,73683
5177,Jason Mccann,91,14995
5178,Jason Williams,18,59230
5179,Charles Lee,27,25941
5180,Anna Johnson,48,42840
5181,Amanda Klein,69,20389
5182,Emily Holmes,80,27403
5183,Cody Richardson,43,49763
5184,Erin Roberts,17,12691
5185,Timothy Richard,26,15787
5186,Julie Moore,73,16074
5187,Victor Church,28,45689
5188,Antonio King,22,51120
5189,Lisa Moore,87,11473
5190,David Valdez,53,85057
5191,Alexander Williams,71,50293
5192,Kevin Kemp,1,44134
5193,Katherine Mitchell,75,93042
5194,Laura Wilson,58,76830
5195,Andrew Gutierrez,50,44376
5196,Stephanie Mitchell DDS,61,11249
5197,Kristen Rodriguez,36,51978
5198,Joseph Pennington,31,86943
5199,Mark Becker,35,67005
5200,Bryan White,36,7198
5201,Luis Day,75,29800
5202,Martha Carter,20,53125
5203,Denise Barber,90,72743
5204,Sharon Cabrera,55,49835
5205,Kara Ross,85,38609
5206,Daniel Franklin,33,82619
5207,Katherine Strickland,96,71722
5208,Robert Palmer DDS,40,76119
5209,Rachel Jones,92,42041
5210,Mr. Stephen Leonard Jr.,12,14712
5211,Natalie Jones,10,68077
5212,Jennifer Harper,97,93237
5213,Jocelyn Calderon,19,73599
5214,Mariah Mcconnell,91,30856
5215,Hannah Montgomery,48,71251
5216,Adriana Patterson,46,4398
5217,Brandon Smith,93,61654
5218,Brian Mendoza,82,9783
5219,Debra Bartlett,90,67717
5220,Olivia Hall,35,71080
5221,David Mitchell,1,10206
5222,Angela Fernandez,23,75288
5223,James Morales,96,48222
5224,Jasmine Jones,10,94086
5225,Penny Harris,86,2937
5226,Courtney Harrington,68,73350
5227,Samantha Owens,59,39096
5228,Kenneth Garcia,59,48311
5229,Brian Lucero,21,88157
5230,Kylie Flores,77,64541
5231,Mr. John Wiley,88,8535
5232,James Bright,18,12586
5233,Marilyn Crawford,25,43687
5234,Crystal Farrell,49,94683
5235,Olivia Johnson,9,65785
5236,Jesse Webb,93,3764
5237,Emily Holmes,32,87791
5238,Joseph Harding,37,57391
5239,William Williams,77,65475
5240,Mr. Kyle Jarvis,64,78621
5241,Chelsea Ortiz,48,94576
5242,Cathy Esparza,95,80543
5243,Christian Hill,78,63213
5244,Hannah Harris,6,14828
5245,Jonathan Garza,9,75140
5246,Alicia Chan,5,78791
5247,Jacob Lawrence,96,99290
5248,Destiny Nelson,1,6999
5249,Timothy Hernandez,52,33743
5250,William Bass,52,91102
5251,Jacqueline Murphy,94,76836
5252,Manuel Myers,26,66940
5253,Shannon Murphy,87,92535
5254,Michael Owen,45,32403
5255,Joseph Cox,43,16601
5256,Kimberly Harris,51,68045
5257,Shane Edwards,89,47997
5258,Katelyn Martin,36,9250
5259,John Horton,77,12344
5260,Laurie Tate,99,77396
5261,Hannah Shah,49,55278
5262,Penny Gallegos,39,80186
5263,Jennifer Collins,61,83408
5264,Timothy Hernandez,52,14205
5265,Cynthia Walls,1,60660
5266,Ryan Ward,86,86346
5267,Matthew Nichols,57,39365
5268,Luis Thompson,5,93498
5269,Martin Parker,74,5852
5270,Michelle Rios,46,62970
5271,Kara Green,9,91464
5272,Valerie Thompson,11,48578
5273,Breanna Spears,90,80674
5274,Karen Villa,39,86898
5275,Jennifer Doyle,60,74203
5276,Nicholas Cruz,76,15059
5277,Mark Chapman,30,6820
5278,Jane Kirby,28,93707
5279,Christopher Collins,77,42518
5280,Loretta Le,97,29382
5281,Daniel Duran,9,2733
5282,Jane Thompson,74,78861
5283,Katherine Reeves,37,65801
5284,Stephanie Smith,36,39084
5285,Matthew Mcgrath,66,85928
5286,Nicholas Porter,76,25328
5287,Jessica Burns DDS,20,58151
5288,Melissa Richardson,93,26696
5289,Bianca Reid,4,3231
5290,April Juarez,25,67108
5291,Nicolas Thompson,39,38237
5292,Joseph Mcdowell,15,22360
5293,John Taylor,86,26365
5294,Melanie Page,73,33991
5295,Walter Gardner,70,63012
5296,Sara Davidson,81,52248
5297,Donald Lopez,36,84182
5298,Randy Diaz,26,15646
5299,Susan Miller,94,93330
5300,Bradley Thomas,83,85678
5301,Lisa Scott,85,93440
5302,Jonathan Moore,42,86242
5303,Andrea Buck,67,58863
5304,Dawn Martin,100,36412
5305,Ann King,20,65419
5306,Brandon Garcia,66,73471
5307,Justin Rodgers,96,17020
5308,Daniel Taylor,39,78852
5309,Randy Miles,30,51214
5310,Holly Bailey,83,52126
5311,Sophia Carter,65,54728
5312,Eric Collins,2,74114
5313,Kristopher Mcmillan,12,66798
5314,Sarah Romero,69,81329
5315,Brandon Yang,38,15788
5316,Samantha Wilson,96,78505
5317,Dr. Theresa Ramirez DDS,92,36731
5318,Stephanie Butler,21,15668
5319,Joseph Kramer,61,29191
5320,Steven Thomas,77,94877
5321,Michael Carpenter,53,5428
5322,Robert Weber,12,63718
5323,Kimberly Wood,54,81153
5324,John Hamilton,96,45247
5325,Randy Bernard,45,61963
5326,Patricia West,17,18847
5327,Michael Ellison,55,83372
5328,Timothy Jackson,89,63452
5329,Rose Klein,67,46097
5330,Nicole Nguyen,1,71057
5331,Christopher Jackson,49,84462
5332,John Holmes,44,69311
5333,Dennis Riley,9,13755
5334,Natasha Stafford,11,47140
5335,Kathleen Carlson,55,90742
5336,Richard Jones,43,15075
5337,Kevin Brown,54,90319
5338,Mary Mahoney,15,70183
5339,Cynthia Mcintyre,60,11204
5340,Christopher Simon,64,5795
5341,Christian Shaw,2,26859
5342,Corey Ford,22,18631
5343,Tammy Brown,49,35001
5344,Michael Gardner,13,83742
5345,Jessica Melton,9,6182
5346,Timothy Anderson Jr.,8,51931
5347,Ms. Amanda Arellano,8,25092
5348,Cameron Jones,37,35618
5349,Isabel Edwards,28,60548
5350,Mark Rodriguez,37,32517
5351,Melanie Barrett,80,17926
5352,Samuel Gray,37,41136
5353,Matthew Cook,97,60335
5354,David Daniels,34,12630
5355,Blake Rodriguez,7,7682
5356,David Hunt,12,67627
5357,Jeremy Carroll Jr.,77,12354
5358,Edwin Marks,42,7244
5359,Roger Diaz,86,32171
5360,Sean Hester,78,56490
5361,Brittany Rasmussen,48,9721
5362,Virginia Escobar,78,30829
5363,Susan Allison,52,35836
5364,Benjamin Smith,2,83655
5365,Tammy Smith,70,55627
5366,David Holloway,92,52913
5367,Caitlyn Copeland,30,29600
5368,Christopher Crawford,88,4301
5369,Melvin Mitchell,91,33540
5370,Holly Mcneil,15,93502
5371,Theresa Fisher,96,75591
5372,Nicole Martinez,48,57663
5373,John Smith,38,85651
5374,Edward Medina,72,2878
5375,Laurie Gregory,12,73966
5376,Michael Miller,90,59503
5377,Richard Smith,84,47333
5378,Mindy David,92,42115
5379,Andrew Watson,95,22214
5380,Barbara Henderson,71,41634
5381,Jeffery James,7,56798
5382,Nathaniel Wilcox,45,90015
5383,Ricardo Newman,85,63699
5384,John Hernandez,9,58188
5385,Deborah Willis,89,84830
5386,Alex Shepherd MD,77,11540
5387,Sarah Spencer,100,13852
5388,Pamela Allen,86,53247
5389,Spencer Edwards,35,10007
5390,Savannah Gilbert,72,94771
5391,Teresa Torres,45,46403
5392,Chad Buchanan,76,83880
5393,Christina Mcgee,99,21275
5394,Sophia Sanders,34,41129
5395,Terry Arnold,35,34523
5396,Kevin Thomas,55,57659
5397,Douglas Shaw,95,42628
5398,Paul Jones,2,4991
5399,Christina Dennis,1,28190
5400,Amy Roman,49,49970
5401,Jason Williams,93,25794
5402,Andre Evans,38,46467
5403,Ian Miller,22,52946
5404,Maria Williamson,53,41355
5405,Kelli Obrien,29,2123
5406,Karen Graham,82,26182
5407,Tasha Young,93,41515
5408,Emily Tucker,64,87245
5409,Jose Jensen,65,43787
5410,Cynthia Garcia MD,74,4036
5411,Victor Gomez,85,88957
5412,Gabrielle Harris,67,39383
5413,Dana Klein,61,41664
5414,Daniel Wright,59,61626
5415,Robert French,79,33150
5416,Jeanette Castillo,11,79780
5417,Timothy Brown,82,36114
5418,Michele Hall,95,52369
5419,Cory Ruiz,14,51040
5420,Linda Schmidt DDS,28,30079
5421,Travis Benjamin,95,6651
5422,Jonathan Jones,23,70605
5423,Jeanette Andersen,80,27862
5424,Elizabeth Obrien,7,87718
5425,Brian Mills,21,98652
5426,Scott Valdez,24,53856
5427,Stacy Hill,88,79303
5428,Mrs. Suzanne Robinson,75,52139
5429,Edward Dalton,1,21125
5430,Krystal Vargas,47,3190
5431,Kathy Chase,10,9641
5432,Brian Mcguire,38,30928
5433,Brenda Green,25,71269
5434,Janet Anderson,71,59229
5435,Robin Anderson,64,50039
5436,Jonathan Duke,54,33420
5437,Christopher Jackson,2,58157
5438,Denise Webster,67,3944
5439,Wendy Curtis,44,87080
5440,David Fleming,13,78075
5441,Tim Reyes,18,38711
5442,Christina Lopez,5,81646
5443,Nathaniel Johnson,36,15670
5444,Jerry Lane,46,87811
5445,Elizabeth Mejia,65,1781
5446,Heather Lawrence,28,88072
5447,Amy Osborne,86,44757
5448,Amy Frye,5,73671
5449,Linda Ruiz,72,1509
5450,Dr. Victoria Pham,43,34718
5451,Samantha Hartman,85,17070
5452,Taylor Harrington,35,50745
5453,Ashley Wilkins,23,31241
5454,Karen Weber,100,67089
5455,Mrs. Kathryn Murillo,8,25640
5456,Jennifer Blanchard,88,99669
5457,Joseph Kim,70,93040
5458,John Davis,31,29304
5459,Trevor Malone,95,12057
5460,Christopher Mosley,33,70330
5461,Robert Perez,49,62563
5462,Scott Garcia,25,92718
5463,Jacqueline Murray,27,44175
5464,Jeffrey Brown,16,16610
5465,Olivia Arnold,87,99291
5466,Linda Mendoza,49,98482
5467,Kara Parks,82,36757
5468,Michelle Barrett,8,82962
5469,Sierra Jordan,49,65253
5470,Lydia Pierce,96,35184
5471,Daniel Arroyo,93,28393
5472,Stephanie Roberts,77,86958
5473,Christopher Jones,16,37425
5474,Emma Clark,82,22997
5475,Katie Wyatt,93,3692
5476,Robert Collins,99,84205
5477,Steven Petersen,21,29409
5478,Heather Cook,18,98460
5479,Steven Beck,70,59199
5480,Christopher Reed,28,40730
5481,David Howell,82,10791
5482,Kenneth Austin,42,8258
5483,Sandra Page,50,29417
5484,Gina Smith,40,62960
5485,Trevor Cannon,92,43936
5486,Melissa Fox,4,9145
5487,Carlos Rosario,28,26260
5488,Traci Owens,98,69792
5489,Megan Briggs,60,10999
5490,Christina Williams,63,80890
5491,Lisa Blake,43,65476
5492,Mark Dorsey,60,93659
5493,Jennifer Montoya,78,78731
5494,Erica Soto,95,41589
5495,Javier Andersen,85,97622
5496,Larry Mercado,88,93964
5497,Jack Villarreal,11,39754
5498,Robert Jackson,38,65883
5499,Russell Mckay,73,47244
5500,Dakota Anthony,68,98391
5501,Jason Noble,91,5617
5502,Thomas Suarez,85,25266
5503,Mark Jackson,11,16436
5504,Ebony Stone,74,32977
5505,Madison Hill,66,27789
5506,Kelly Quinn,2,42402
5507,James Garcia,16,43280
5508,Sharon Robinson,95,49873
5509,Cody Decker,96,58447
5510,Madison Yang,56,45198
5511,Ryan Mayer,93,71043
5512,Ashley Greene,68,44098
5513,Gary Berry,6,8760
5514,Kim Hunter,100,57728
5515,Dawn Franklin,83,3480
5516,Jacqueline Clark,92,78500
5517,William Rangel,22,43193
5518,Matthew Miller,55,10829
5519,Jessica Hernandez,48,3840
5520,Peter Shepherd,98,75300
5521,Kathryn Taylor,41,4393
5522,Gregory Austin,71,11602
5523,Glen Ramirez,2,73357
5524,Daniel Smith,71,41491
5525,Katie Thomas,59,16429
5526,Diane Lopez,89,7443
5527,Nicholas Edwards,4,43752
5528,Chloe Brooks,70,63315
5529,Christine Thomas,35,99812
5530,Christopher Campbell,28,48062
5531,John Grant,23,79952
5532,Christine Becker,19,85889
5533,Mary Walters,17,18735
5534,Jonathan Ortiz,53,12905
5535,Kristina Ryan,51,28333
5536,Brian Hester,97,53341
5537,Karen Bruce,40,31789
5538,Diana Bryant,4,75276
5539,Heidi Lambert,36,86529
5540,Michelle Williams,16,13826
5541,Ryan Clark,89,4343
5542,Danielle Hudson,34,8050
5543,Kara Taylor,36,55278
5544,Christopher Scott,65,96905
5545,Robin Lee,92,11749
5546,John Dillon,67,4420
5547,Shawna Lee,4,63392
5548,Lucas Bradshaw,54,87115
5549,Natalie Mcbride,33,55027
5550,Edward Dudley,97,22202
5551,Deborah Garcia,73,70655
5552,Victor Summers,24,15424
5553,Kristin Wagner,56,95628
5554,Debra Wall,38,71763
5555,Mary Hunter,5,79633
5556,Megan Barrett,96,6022
5557,James Mcdaniel,77,24198
5558,Zachary Pierce,75,74336
5559,Mr. Kenneth Castro,88,65877
5560,Sarah Rodriguez,80,69620
5561,Stephanie Long,78,58513
5562,Timothy Moss,95,16989
5563,Kelly Romero,14,61876
5564,Catherine Barrera,34,62338
5565,Ryan Page,79,86275
5566,Brandon Rodriguez,50,81370
5567,Brian Clark,20,2801
5568,Traci Brady,9,96113
5569,Jeremy Flores,65,27221
5570,Nicholas Wilson,99,55612
5571,Jason Lamb,87,92339
5572,Mikayla Lindsey,91,86146
5573,Leslie Kent,49,20568
5574,Monica Ross,79,21001
5575,Lisa Thomas,3,88829
5576,Rachel Green,59,7979
5577,Rodney Crane,64,55412
5578,Benjamin Hooper,57,46533
5579,Zachary Khan,2,31628
5580,Kelly Jones,48,28514
5581,Abigail Brown,3,46233
5582,Russell Brewer,41,56766
5583,Christopher Bennett,73,76529
5584,Steven Jackson,32,58520
5585,Shannon Kennedy,6,25439
5586,Erik White,71,63317
5587,Raymond Lopez,10,90034
5588,Michelle Johnson,45,55933
5589,Eric Cummings,14,47472
5590,Allen Ford,84,62843
5591,Blake Munoz,63,45762
5592,Timothy Mcintyre,38,76613
5593,Sally Shelton,73,4040
5594,Andrew Mccall,70,67262
5595,Carolyn Lester,1,24175
5596,William Sanchez,45,88470
5597,Julie Miller,59,46375
5598,Vickie Krause,85,44582
5599,Lisa Black,15,2045
5600,Andrew Weiss,86,8994
5601,Stephen Ortiz,44,15080
5602,Keith Gray,78,77438
5603,Cindy Vargas,38,55937
5604,Kara Kelly,51,67536
5605,Melissa Gordon,62,67392
5606,John Hill,99,24675
5607,Brandon Haynes,1,90552
5608,Andrea Stewart,58,54008
5609,Suzanne Underwood,59,4941
5610,Mary Howard,77,94678
5611,Barbara Anderson,70,37291
5612,Kelli Smith,65,30099
5613,Samantha Maldonado,5,39656
5614,Jennifer Wheeler,59,97345
5615,Shannon Lara,95,11514
5616,Mary Lee,97,41204
5617,Christine Peters,94,37739
5618,Jon Myers,12,65188
5619,Allison Larson,24,52531
5620,Mary Ellison,92,54609
5621,Mr. Francis Fuentes MD,40,83505
5622,Melissa Lopez,81,24164
5623,Jennifer Middleton,68,68282
5624,Gail Baker,7,92427
5625,Monique Torres,52,5593
5626,Joseph Davis,66,63047
5627,Thomas Rangel,63,78463
5628,Allen Fisher,77,38450
5629,Zachary Garcia,19,88027
5630,Donna Young,76,39981
5631,Diana Adams,52,78716
5632,Grant Shelton,6,97285
5633,Jacob Evans,11,9007
5634,Sandra Carlson,38,57315
5635,Courtney Gardner,98,28951
5636,Natalie Reed,5,45507
5637,Kendra Chaney,10,33194
5638,Katherine Vasquez,48,66145
5639,Brian Foster,61,57907
5640,John Nelson,50,93170
5641,Diane Cameron,91,12717
5642,Tammy Jones,30,87340
5643,James Meadows,99,13599
5644,Gary Holmes,14,1594
5645,Tyrone Zimmerman,79,95908
5646,Shelby Gray,73,98773
5647,Jennifer Diaz,35,6591
5648,Jodi West,60,22563
5649,Melissa Barnett,18,39633
5650,Kristin Miranda,32,22528
5651,Keith Murray,41,65875
5652,Abigail Martin,22,50526
5653,Patricia Caldwell,72,42515
5654,Victor Maxwell,71,89004
5655,Shawn Miller,59,54996
5656,Jodi Stewart,36,58246
5657,Jacob Anderson,14,74489
5658,Carlos Jensen,59,26964
5659,Hannah Ramirez,67,33983
5660,Deborah Brooks,16,75146
5661,Jack Howard,69,83672
5662,Steven Hansen,14,32968
5663,Brittany Horton,70,13661
5664,Vicki Thomas,17,7246
5665,Sierra Valenzuela,85,80934
5666,Heather Moore,19,65437
5667,Christina Thomas,49,50861
5668,Stephanie Mcneil,4,7737
5669,Eric Anderson,54,81361
5670,Angela Rodgers,40,47440
5671,Martin Matthews,38,76073
5672,Cheryl Cline,82,55601
5673,Amanda Mcgee,62,19121
5674,Robert Harris,94,46239
5675,Blake Davis,89,96554
5676,Roy White,28,29403
5677,Mike Walker,30,39268
5678,Samantha Thompson,26,52868
5679,Spencer White,86,23148
5680,Gina Lyons,28,82783
5681,Angela Griffin,76,40966
5682,Ashley Hernandez,100,53786
5683,Joseph Hill,11,21300
5684,Kyle Harrington,50,94524
5685,Roger Hartman,60,7447
5686,Mark Sanchez,41,87609
5687,Kathleen Rogers,21,62754
5688,Terry Jones,3,77563
5689,Ralph Cowan,83,43359
5690,Kimberly Escobar,53,2427
5691,Nancy Watson,16,18272
5692,Daniel Hopkins,82,29681
5693,Timothy Lee,49,43673
5694,Walter Gardner,43,93639
5695,Parker Beck,92,74311
5696,Emily Burch,93,64308
5697,Ashley Holloway,6,41726
5698,Chelsea Horton,26,15583
5699,Keith Carpenter,8,69375
5700,Katherine Johnson,3,93320
5701,Jeffrey Romero,74,46392
5702,Tim Lawrence,46,9005
5703,Jessica Smith,100,74857
5704,Ryan Hernandez,74,25370
5705,Janice Williams,69,46243
5706,Robert Walker,25,93023
5707,Michael Delacruz,70,92956
5708,Sara Hardy,37,34729
5709,Kristina Garcia,52,68229
5710,Kimberly Flores,78,51707
5711,Rachel Johnson,11,32892
5712,Emily Pennington,88,37544
5713,Miss Karen Myers,56,9476
5714,Seth Lee,85,93622
5715,Curtis Sharp,44,18571
5716,Shelby Smith,19,19228
5717,Michelle Williams,37,22383
5718,Max Jordan,40,16606
5719,Amy Young,12,82767
5720,Aaron Bailey,99,8481
5721,Victoria Campbell,61,47221
5722,Heather Harmon,100,66278
5723,Heather Lane,44,98853
5724,Molly Avery,100,35864
5725,Rodney Carey,51,84248
5726,Jacob Day,8,24495
5727,Lindsay Williams,22,51175
5728,Brittney Fox,99,53416
5729,Matthew Robertson,15,23828
5730,Nicholas Davis,74,87961
5731,Bethany Lee,37,41040
5732,Deanna Sampson,84,49956
5733,Sarah Vazquez,17,67134
5734,Ashley Mendez,29,95000
5735,Elizabeth Rodriguez,99,3007
5736,Jesse Harmon,76,6366
5737,Todd Ortiz,26,14545
5738,Kim Wilkerson,13,85609
5739,Stephanie Thompson,54,82185
5740,Jason Frank,33,41004
5741,Kelly Martin,30,76946
5742,Lance Nelson III,89,76451
5743,Martin Andrews,26,55475
5744,Anthony Stein,81,93461
5745,Ralph Merritt,41,59656
5746,Michelle Everett,96,4040
5747,James Campbell,60,98114
5748,Julie Rowland,80,96304
5749,Bryan Cummings,76,63923
5750,Alicia Johnston,35,79415
5751,Isabella Chavez,73,65542
5752,Tammy Pennington,10,15761
5753,Brandi Hudson,44,31825
5754,Kelsey Moore,12,37209
5755,Carlos Lee,99,85926
5756,Belinda Holt MD,86,68491
5757,Lisa Charles,93,24081
5758,William Ramirez,7,52290
5759,Austin Lloyd,13,4468
5760,Robert Aguirre MD,22,96104
5761,Amanda Leonard,53,90775
5762,April Brown,34,93338
5763,James Martin,58,60673
5764,Anthony Hawkins,49,39279
5765,Raymond Lopez,53,88158
5766,Kevin Callahan,45,65197
5767,Kyle Palmer,2,61857
5768,Sarah Fields,84,33713
5769,Nicholas Chen,88,8568
5770,Amy Fritz,5,18284
5771,Marco Parker,6,77890
5772,Leslie Stone,85,2881
5773,Kurt Lindsey,91,3922
5774,Joseph Miller,12,84682
5775,Troy Smith,28,65578
5776,Donald Roberts,38,25639
5777,Lori Clayton,72,43771
5778,Robert Strong,86,46884
5779,Jonathan Woods,79,72257
5780,Jennifer Smith,28,36343
5781,Stephen Black,2,37026
5782,Cheryl King,41,8346
5783,Kelly Shepard,23,93142
5784,Tara Lopez,21,36028
5785,Anthony Patterson,4,87902
5786,Michael Hays,69,91958
5787,Sarah Reynolds,40,27714
5788,Lisa Mclaughlin,83,62393
5789,Jennifer Chavez,33,14615
5790,Marcus Lozano,49,23278
5791,Taylor Hernandez DDS,51,73945
5792,Scott Young,14,43570
5793,Deanna Douglas,48,81962
5794,Ms. Nicole Mueller,73,93392
5795,Timothy Blankenship,12,6337
5796,Jacob Leonard,54,21766
5797,Jennifer Mayo,9,96896
5798,Kimberly Morrison,52,78048
5799,Alvin Walker,53,74716
5800,James Larsen,28,72769
5801,Cory Bullock,87,91994
5802,Terry Lynch,58,61372
5803,Oscar Walton,17,96582
5804,Michelle Cox,5,38734
5805,William Hernandez,93,2937
5806,Misty Bennett,94,47011
5807,Jason Miller,73,99327
5808,Robert Moore,84,59278
5809,Sharon Smith,9,18888
5810,Deborah Moore,31,21869
5811,Shelley Reilly,96,93229
5812,Kelly Simmons,55,51181
5813,Maria Roy,98,11422
5814,Katie Garcia,100,36660
5815,Michele Velasquez,43,9944
5816,Jennifer Huynh,75,93443
5817,Mark Banks,91,45415
5818,James Le,37,63236
5819,Kimberly Ward,5,37896
5820,Amy Gordon,56,63386
5821,Courtney Hernandez,94,40385
5822,Betty Moses,29,86595
5823,Barbara Cox,63,41319
5824,Thomas Smith,42,16214
5825,Stephanie Evans DVM,70,57558
5826,Alexandria Thompson,99,58263
5827,James Carter,54,26785
5828,Joshua Williams,72,18666
5829,Gerald Gardner,51,62300
5830,Matthew Clark,31,88074
5831,Jennifer Miller,21,72399
5832,Stephen Madden,69,82333
5833,Annette Roberts,21,63214
5834,Kathleen Brown,38,65232
5835,Jeffrey Kelly,59,21180
5836,Stephen Kelly,57,38539
5837,Elizabeth Scott,36,15467
5838,Mary Kemp,35,2603
5839,Lori Davis,94,73191
5840,Dr. Angelica Stevens DVM,80,16324
5841,Rebecca Pena,95,80942
5842,Alan Wilson,60,36264
5843,Emily Holt,44,68584
5844,Daniel Johnson,79,20639
5845,Michael Hernandez,18,72428
5846,Sally Roberts,65,73879
5847,Melissa Jacobs,41,89434
5848,Scott Rodriguez,10,6103
5849,Erin White,80,73380
5850,Tina Kim,3,79116
5851,Joshua Curtis,24,7707
5852,Caitlin King,46,15923
5853,Sarah Moreno,38,20103
5854,John Johnson,70,50584
5855,Amanda Simpson,79,83531
5856,David Powell,57,10663
5857,Jeffrey Gomez,39,38712
5858,Christopher Gill,85,68148
5859,Steven Glass,68,35027
5860,Wayne Garcia,50,9972
5861,Teresa Wood,23,43426
5862,William Austin,30,12619
5863,Mariah Young,36,83233
5864,Jennifer Anderson,87,22793
5865,Lorraine Morris,70,93530
5866,Lee Short,74,82559
5867,Luis Parker,25,46734
5868,Matthew Peterson,74,74479
5869,Emily Nelson,100,79341
5870,Tracey Beard,50,57246
5871,Bill Cooper,41,34778
5872,Elizabeth Nash,86,75061
5873,Kristen Santos,91,48613
5874,Erin Morales,53,65640
5875,Jim Shaffer,99,63850
5876,Christopher Lloyd,80,21797
5877,Randy James,99,70537
5878,Matthew Jarvis,10,83530
5879,Richard Walton,79,68030
5880,James Murphy,94,92849
5881,Kyle Morris,91,94921
5882,Cynthia Miller,86,2058
5883,Christina Montgomery,8,12356
5884,David Brown,13,3498
5885,Charles Shields,52,27255
5886,Kathleen Blevins,63,47269
5887,Joy Hinton,85,13303
5888,Gregory Haynes,93,94297
5889,Tina Thompson,39,35409
5890,Mark Wiggins,77,88472
5891,Daniel Johnson,7,62344
5892,Becky Martin,90,16376
5893,Daniel Salinas,85,99234
5894,Joshua Mitchell,53,13937
5895,Randy Parker,44,56350
5896,Steven Holloway,3,40965
5897,Eric Green,86,87225
5898,Steven Gray,87,83563
5899,Jonathan Mitchell,72,64779
5900,Joanna Bailey,85,28948
5901,Claire Boyd,69,36047
5902,Patricia Moore,59,26271
5903,Thomas Shannon,86,70414
5904,Michael Allen,7,42175
5905,William Harris,60,5483
5906,Alan Thomas,64,21633
5907,Danielle Walker,92,42774
5908,Carlos Knight,53,1253
5909,Maria Patterson,69,2069
5910,Adam Beard,33,66197
5911,Nicole Stewart,30,69035
5912,Paul Anderson,48,3809
5913,Sean Lowe,65,36955
5914,Vincent Jordan,12,50721
5915,Paul Morgan,49,18364
5916,Jennifer Morse,3,46537
5917,Melissa Cox,19,82698
5918,Amber Hoffman,65,54835
5919,Walter Moore,28,7657
5920,Gail Watson,43,52607
5921,Nathan Bean,100,68689
5922,Rachel Garcia,19,69617
5923,Benjamin Garza,90,89531
5924,Mariah Montgomery,46,36446
5925,Jennifer Webb,23,55879
5926,David Roth,8,84467
5927,Kevin Monroe,42,32502
5928,Lisa Sloan,10,44820
5929,Jonathan Williams,23,5377
5930,Emily Butler,51,43902
5931,Roy Johnson MD,36,78152
5932,Thomas Arellano,37,36922
5933,Sarah Knight,80,63365
5934,Jose Johnston,59,56562
5935,Jorge Cochran,57,5731
5936,Kathy Gillespie,49,46464
5937,Jessica Young,82,89819
5938,Connie Johnson,43,5179
5939,David Wise,56,31711
5940,Tammie Cervantes,89,41956
5941,Anthony Shelton MD,77,19942
5942,Patrick Henry,18,2572
5943,George Hawkins,32,16498
5944,Terry Quinn,56,8442
5945,Andrea Johnson,77,69882
5946,Steven Adams,67,1290
5947,Karen Williams,95,68859
5948,James Schmidt,94,19409
5949,Jason Harmon,23,65622
5950,Brandon Smith,47,41061
5951,Richard David,14,70826
5952,Margaret James,87,47144
5953,Victor Sanchez,97,92322
5954,Daniel Wallace,80,99450
5955,Jeremy Anderson,15,58093
5956,Charles Anderson,30,84293
5957,April Marks,40,15606
5958,Philip Holland,97,52976
5959,Jill Blake,67,28120
5960,Amanda Mccarty,7,35833
5961,Paul Dorsey,27,5179
5962,Keith Underwood,47,84893
5963,James Santiago,47,46120
5964,James Bell,22,4306
5965,Joshua Smith,11,84176
5966,Virginia Ortega,2,52170
5967,Nicholas Chaney,38,23506
5968,Yvonne Smith,12,46672
5969,Todd Simmons,40,34076
5970,Francisco Robinson,72,57458
5971,Angela White,88,93180
5972,John Huffman,89,94408
5973,Trevor Chandler,62,29541
5974,Angela Jenkins,48,63284
5975,Craig Henderson,92,68121
5976,Casey Thomas,53,54524
5977,Michelle Bush,43,68455
5978,Russell Lopez,19,59912
5979,Alicia Davis,59,3973
5980,Susan Reyes,45,75450
5981,David Smith,86,12718
5982,Cody Harvey,6,85328
5983,David Jarvis,65,13384
5984,Sarah Golden,74,18314
5985,Amanda Thompson,4,41884
5986,Patrick Hale,23,69818
5987,Isaac Mccoy,84,69743
5988,Theresa Day,1,7036
5989,Julie Watson,62,18715
5990,Tara Hale,56,35530
5991,Stephanie Lopez,18,93004
5992,Joseph Howard,57,62024
5993,Scott Sherman,53,63698
5994,Amanda Dennis,23,15317
5995,Michelle Taylor,89,35142
5996,Catherine Sandoval,97,34798
5997,Jacob Barnes,32,67387
5998,Michelle Hawkins,34,51600
5999,Krystal Evans,29,31987
6000,Leroy Roberson,28,30796
6001,Catherine Barron,4,7941
6002,Michael Collins,82,80421
6003,Virginia Evans,7,75358
6004,Shawn Yang,61,30294
6005,Kristin Ramos,65,11873
6006,Renee Farrell,76,26011
6007,Allison Schneider,53,7239
6008,Brittany Richardson,84,53745
6009,Justin Torres,89,33132
6010,Sandra Pena,63,94503
6011,Katie Sims,24,64968
6012,Julie Sanders,70,82516
6013,Martha Carroll,52,23883
6014,Daniel Norris,60,25478
6015,Tanya Harris,14,81509
6016,Nicole Smith,36,3684
6017,Mary Blake,4,55499
6018,Michelle Johns,5,81425
6019,Jessica Mcgrath,86,54667
6020,Brittany Thompson,97,69948
6021,Brooke Jacobson,71,95232
6022,Jose Lopez,23,83788
6023,Bruce Hull,21,39930
6024,Dustin Crawford,77,97536
6025,Jaime Rodriguez,35,64519
6026,Angela Jones,27,90583
6027,Jeffrey Mcpherson,6,12032
6028,John Cooper,79,29255
6029,Sarah Adams,19,53219
6030,Brooke Perkins,44,4915
6031,Emma Boyd,80,58245
6032,Catherine Gordon,46,79078
6033,Tony Smith,87,97694
6034,Katie Mills,20,13435
6035,Michael Finley,39,66175
6036,Lisa Dyer,43,20542
6037,Michael Davila,31,5370
6038,Jamie Lee,51,95864
6039,Vanessa Alvarado,16,6952
6040,Matthew Cole,58,48279
6041,Ian Rodriguez,63,8482
6042,Olivia Smith,19,56450
6043,Mike Neal,15,36773
6044,John Mccann,32,40567
6045,Lisa Craig,15,63123
6046,Robin Adams,7,28798
6047,Jose Huang,74,57060
6048,Stephanie Edwards,76,87959
6049,Ann Mckee,76,97149
6050,Christopher Wall,81,43254
6051,Samantha Pope,99,49163
6052,Summer Stewart,40,64395
6053,Debbie Young,42,71432
6054,Nicole Phillips,26,49552
6055,Daniel Shelton,84,94225
6056,Mary Williams,27,88315
6057,Brittany White,71,60314
6058,Brandy Tucker,77,49124
6059,Alexander Adams,14,6807
6060,Yvette Parks,4,96359
6061,Amanda Cruz,10,40333
6062,Danielle Rodriguez,90,7750
6063,Allen Curry,6,60758
6064,Aaron Morrison,69,28327
6065,Melinda Roberts,5,63593
6066,Christopher Parker,12,48042
6067,Kayla Oliver,36,59013
6068,Tyler Greer,96,53311
6069,Cindy White,36,15054
6070,Kelly Sanders,93,82723
6071,Scott Knight,33,16093
6072,Jason Costa,21,33750
6073,Mr. Joshua Johns,40,21553
6074,Allison Figueroa,23,44467
6075,Juan Johnson,63,64029
6076,Joanna Newman,68,30692
6077,Jaime King,77,9987
6078,Philip Lynch,54,96637
6079,Mary Taylor,34,23637
6080,Brian Novak,67,10553
6081,Julie Hampton,97,16117
6082,William Allen,66,42269
6083,Mark Oneal,76,7249
6084,Willie Bender,90,12681
6085,Melissa Carroll,9,84682
6086,Justin Dillon,27,59273
6087,Devon Walters,81,16742
6088,Chad Diaz,67,3408
6089,Breanna Grant,9,44351
6090,Carolyn Anderson,61,37840
6091,Shannon Fox MD,7,67846
6092,Robin Hale,31,49004
6093,Jodi Hansen,13,90468
6094,Katherine Williams,53,30824
6095,Philip Mcintosh,78,36386
6096,Jesse Garcia,21,27104
6097,Jane Bell,98,69329
6098,Brittany Miller,65,79567
6099,Kristina Brown,49,69852
6100,Joshua Hunt,68,25379
6101,Madeline Perkins,23,76760
6102,Brian Rogers,17,89098
6103,Margaret Diaz,26,91182
6104,Ashley Jones,98,65168
6105,Ashley Soto,52,90662
6106,Benjamin Lloyd,40,96903
6107,Allen Kelley,80,24752
6108,Julie Jones,90,32512
6109,Kimberly Salinas,11,79823
6110,Teresa Hardy,71,9110
6111,Brittany Coleman,51,37227
6112,Mark Diaz,56,62025
6113,Kelly Sandoval,18,34087
6114,Brian Jimenez,67,94581
6115,Sara Cardenas,17,54622
6116,Jasmine King,36,54415
6117,Sarah Howell,86,32257
6118,Bonnie Estrada,9,63584
6119,Andrew Snyder,99,72399
6120,Holly Gibson,97,34787
6121,Tracey White,38,83505
6122,Isaac Drake,61,5444
6123,Patrick Wallace,86,97047
6124,Seth Chen,21,80694
6125,Vanessa Campbell,58,76885
6126,Jessica Thomas,37,28184
6127,Joseph Silva,60,11413
6128,Edward Coleman,99,44211
6129,Maria Sanders,41,57681
6130,Gina Wilson,81,42808
6131,Elizabeth Mcgee,31,17768
6132,Karen Tran,90,64586
6133,Jeremy Butler,2,36175
6134,Kristopher Decker,3,62063
6135,Austin Moore,50,55991
6136,Jennifer Kelly,33,17973
6137,Maria Cole,80,52038
6138,Shannon Butler,26,41911
6139,Maria Hernandez,51,76921
6140,Patrick Holland,99,7533
6141,Stephanie Carey,39,65763
6142,Karen Hayes,25,34593
6143,Jennifer Villanueva,16,75722
6144,Amanda Flores,44,31790
6145,Rachel Smith,62,42630
6146,Andrew Franklin,80,37526
6147,Ian Osborn,25,44723
6148,Angela Vega,68,6696
6149,Ashley Arnold,12,5686
6150,Jerry Kelley,64,77175
6151,Heather Lewis,88,69260
6152,Eric Skinner,91,86839
6153,Jose Rodriguez,4,76868
6154,Gabriel Robbins,69,84778
6155,Jason Smith,26,5399
6156,Joseph Mcintyre,33,75627
6157,Kristen Miller,56,61387
6158,Alan Martinez,82,64241
6159,Steven White,26,41109
6160,Mrs. Jennifer Stephens,27,8137
6161,Ashley Sanchez,30,2827
6162,Jennifer Gordon,14,57293
6163,Kevin Rice,48,19747
6164,Linda Russell,81,24412
6165,Jonathan Johnson,60,32674
6166,Corey Murillo,25,90376
6167,Julie Reyes DDS,59,17598
6168,Patrick Brown,52,52141
6169,Victoria Vega,32,24012
6170,Tara Gillespie,77,83995
6171,Jason Pacheco,98,74454
6172,Dr. Toni Jackson DVM,24,40021
6173,Brittney Miller,66,5213
6174,Debra Ortiz,10,30376
6175,Caitlin Murphy,2,56895
6176,Charles Williams,48,22896
6177,Troy Bennett,93,54820
6178,Holly Wilson,47,60374
6179,Daniel Benjamin,71,18635
6180,Tonya Michael,1,62131
6181,Misty Briggs,70,22065
6182,Peter Carrillo,91,96228
6183,Crystal Haney,69,91965
6184,Ryan Reynolds,36,71916
6185,Kimberly King,61,18193
6186,Pamela Cardenas,74,45922
6187,Glen Franco,66,27419
6188,Michelle Barron,45,76543
6189,Tonya Allen,20,43703
6190,Connie Hernandez,25,61442
6191,Brenda Frederick,38,25374
6192,Caleb Jones,63,54754
6193,Michael West,91,16701
6194,Katherine Sutton,73,32865
6195,Samantha Sanchez,56,56761
6196,Daniel Lopez,72,3367
6197,Kelly Hughes,15,39725
6198,Sarah Burke,13,24962
6199,Kim Christensen,19,59131
6200,Patrick Gonzales,67,54595
6201,Walter Russell,90,76590
6202,Robert Reyes,56,47248
6203,Chelsea Johnson,53,88868
6204,Kari Lee,70,95130
6205,Kara Adams,60,62630
6206,April Moody,13,56340
6207,Gregory Morales,93,10182
6208,David Cook,71,96954
6209,Terri Stewart,34,20325
6210,Michelle Lopez,67,17972
6211,Adam Chapman,58,41547
6212,Kayla Mora,46,22616
6213,Stacey Tucker,33,39272
6214,Jasmine Travis,68,76693
6215,Jennifer Olson,25,21365
6216,Michelle Rhodes,49,40544
6217,Brian Robinson,31,79154
6218,Charles Henry,92,34544
6219,Ashley Mccoy,67,67940
6220,Heidi Hardin,4,75432
6221,Sarah Martin,39,49342
6222,Kenneth Mccarty,10,84064
6223,Katrina Parker,45,20947
6224,Susan Williams,28,79751
6225,Dale Reyes,18,49581
6226,Stephanie Diaz,41,42438
6227,Jake Andrade,18,1584
6228,Nicholas Cervantes,98,30552
6229,Stephanie Gallagher,28,79110
6230,Curtis Buchanan,33,75901
6231,Kevin Flores,83,68877
6232,Stephanie Thomas,20,90474
6233,Nancy Hernandez,41,6445
6234,Jon Bryant,23,66157
6235,Victoria Oconnor,23,57269
6236,David Morgan,63,38902
6237,Kristen Bennett,59,98539
6238,Grant Myers,80,50522
6239,Ronald Lyons,23,49672
6240,Nicole Ellis,49,56212
6241,Jeremy Howell,30,95353
6242,David Cole,57,48483
6243,Donna Williams,44,70977
6244,Tara Roberts,25,71218
6245,Charles Pena,43,29461
6246,Allen Ferguson,86,26737
6247,Ashley Freeman,93,1716
6248,Michelle Reid,35,6660
6249,Nicholas Morales,18,92912
6250,Michael Wood,39,26164
6251,Christie Arias,41,98411
6252,Scott Sullivan,28,90711
6253,Cynthia Gonzalez,15,67664
6254,Adrian Shaw,36,27705
6255,Ariana Hall,48,76481
6256,Chelsea Anderson,64,92638
6257,Katherine Boone,41,20239
6258,Kimberly Tanner,21,27669
6259,Chelsey Hester,11,65475
6260,Nicole Mason,22,18680
6261,Andrea Baker,55,45743
6262,Danny Obrien,31,10488
6263,Lynn Dawson,36,74309
6264,Laura Webb,59,97948
6265,Katie Williams,4,59110
6266,Andrea Avila,72,96971
6267,Stephanie James,61,65264
6268,Cole Robertson,83,73537
6269,Gary Young,28,61925
6270,Kimberly Evans,32,8260
6271,Joseph Johnson,16,5115
6272,Mr. Alexander Beasley,5,29871
6273,Malik Collins,34,31884
6274,John Daniel,83,91521
6275,Anthony Daniels,98,47780
6276,Melanie Vaughn,46,35914
6277,Andrew Atkins,99,32636
6278,Stephanie Allison,77,60789
6279,Jennifer Porter,66,34157
6280,William Cherry,72,58400
6281,Stephen Stewart,76,39483
6282,Michael Riley,89,55320
6283,Brianna White,24,71989
6284,Anne Moses,80,32305
6285,Laura Diaz,20,28564
6286,Grace Collier,62,8539
6287,Catherine Williams,71,31452
6288,Sandra Green,96,10934
6289,Sharon Little,96,92680
6290,Julia Glass,13,67741
6291,Scott Howard,43,56629
6292,Ronald Lee,11,42789
6293,Patricia Rodriguez,64,60790
6294,Valerie Smith,56,26220
6295,Michael Mcintyre,91,8176
6296,Eric Wilson,91,66486
6297,Joshua Walker,20,97078
6298,William Randall,75,10017
6299,Erin Taylor,24,93081
6300,Debra Patterson,86,63849
6301,Catherine French,99,31987
6302,Kathleen Gomez,75,3928
6303,Richard Murray,100,92076
6304,Michele Marsh,45,52035
6305,Daniel Haynes,56,77624
6306,Ashley Stewart,22,71535
6307,Amber Holloway,46,65235
6308,Gregory Thompson,45,9096
6309,Martin Graham,36,38570
6310,Nicholas Newman,68,98431
6311,Melissa Miller,38,24892
6312,Jared Porter,14,32276
6313,Robert Huynh,72,2425
6314,David Hill,3,23307
6315,Alexandra Ward DVM,91,48090
6316,Stephen Parsons,23,61564
6317,Mrs. Laura Patterson,32,40240
6318,Amy Jones,32,42039
6319,Justin Dominguez,24,37036
6320,Dustin Goodman,3,58079
6321,Ms. Jean Moody MD,10,92992
6322,Lisa Medina,79,16749
6323,Yvette Orozco,96,67992
6324,Jeff Frazier,48,97504
6325,Joshua Peterson,70,64855
6326,Jennifer Johnson,20,76507
6327,Katie Wade,33,13980
6328,Matthew Rogers,41,11385
6329,Jacqueline Thomas,29,77402
6330,Nicholas Perkins,61,5128
6331,Michelle Baker,74,17464
6332,Seth Brown,43,44918
6333,Karen Salazar,34,17757
6334,Kim Harmon,62,7305
6335,Hannah Wright,63,35930
6336,Jesse Silva,52,6543
6337,Amy Crosby,100,28179
6338,Robert Stevenson,36,67381
6339,Nathan Herrera,45,94172
6340,Benjamin Stewart,73,35319
6341,Laura Russell,73,61375
6342,Jaime Farmer,77,51895
6343,Veronica Osborne,84,63677
6344,Julia Taylor,41,50724
6345,Christine Wilson,65,28517
6346,Terrence Mahoney,26,29598
6347,Rebecca Phillips,50,88895
6348,Richard Castillo,16,90978
6349,Jermaine Huber,79,5189
6350,Terry Anderson,49,83625
6351,Ashley Thomas,21,84658
6352,William Ferguson,9,11828
6353,Mark Pope,35,43299
6354,Kristina Wolf,62,15551
6355,Amy Smith,83,98421
6356,Patrick Wilkinson,76,59663
6357,Tricia Daniel,38,41005
6358,Brittany Johnston,3,98707
6359,Erica Norton,79,41305
6360,Carl Rivas,12,50123
6361,Laura Kelly,51,27221
6362,Sarah Vincent,63,19831
6363,Gregory Good,37,99067
6364,Brittany Roberson,33,59657
6365,Ryan Shelton,62,78134
6366,Megan Wilson,9,24324
6367,Heather Cantu,19,92331
6368,Justin Nixon,92,63417
6369,Joe Allen,70,82130
6370,Dr. Matthew Moore,76,11139
6371,David Cunningham,24,37540
6372,Michelle Dawson,49,22918
6373,Samantha Bush,98,95518
6374,Erica Smith,33,18055
6375,Jonathan Gomez MD,94,28708
6376,Jeffery Rice,50,55558
6377,Dylan Harris,51,79206
6378,David Gates,88,5897
6379,Todd Moore,96,50545
6380,Jeremiah Freeman,70,66734
6381,Leah Shepard,61,13549
6382,Matthew Roach,63,43215
6383,Traci Rice,52,23064
6384,William Moore,47,35049
6385,David Skinner,16,3735
6386,David Ferguson,24,32342
6387,Jose Cox,15,24613
6388,Jonathan Navarro,62,96232
6389,Daniel Cole,98,80387
6390,Steven Novak,37,40263
6391,Danielle Jones,94,18303
6392,Justin George,9,90778
6393,Margaret Hardy,29,69269
6394,Angela Rush,81,94265
6395,Regina Roth,29,84809
6396,Brooke King,12,65182
6397,Julie Tucker,34,99082
6398,Ronald Cox,80,44141
6399,John Ashley,2,78657
6400,Alan Smith,75,34932
6401,Jeffrey Shea,11,48551
6402,Michelle Mccoy,49,47237
6403,Justin Bartlett,79,39603
6404,Ashley Kennedy,80,36647
6405,Jill Price,12,19316
6406,Christy Morales,42,12381
6407,Stacey Clark,7,50675
6408,Elizabeth Ramirez,51,9335
6409,David Flynn,51,76828
6410,Travis Madden,29,38404
6411,Melvin Brady,10,49372
6412,Stacy Coleman,61,19056
6413,Paul Mills,74,12598
6414,Joshua Decker,1,21898
6415,Donald Hale,33,16541
6416,Megan Smith,9,64059
6417,Jennifer Collins,79,59041
6418,Jim Park,73,95418
6419,Craig Taylor,73,46904
6420,Elizabeth Silva,24,87098
6421,Christine Mooney,52,49319
6422,Kimberly Evans,61,6801
6423,Daniel Mooney,55,7982
6424,Margaret Smith MD,7,65152
6425,Joseph Rose,71,5004
6426,Joseph Miller,68,23721
6427,Caitlin Jones,70,42042
6428,Melissa Miranda DVM,72,93359
6429,Christopher Donovan,45,88820
6430,Donald Moreno,48,47483
6431,Danielle Robinson,95,59803
6432,Christina Burnett,64,18247
6433,Jacob Miller,46,31079
6434,William Murphy,80,51059
6435,Steven Jones,94,95008
6436,Jordan Smith,91,26754
6437,Alicia Branch,71,31510
6438,Cindy Thompson,73,89419
6439,Travis Guerra,54,20445
6440,Brad Cunningham,68,54792
6441,Erika Rogers,28,6116
6442,Allison Taylor,10,60568
6443,Jennifer Ferguson,90,62048
6444,Amy Gross,90,90994
6445,Andrea Anderson,99,78537
6446,Sandra Johnson,40,76349
6447,Cory Burke,87,46631
6448,Cory Martinez,56,78695
6449,Mark Valentine,80,58388
6450,Emily Taylor,57,31472
6451,Jose Brown,57,1476
6452,Sheri Lopez,63,84901
6453,Ronnie Orr,97,79908
6454,Ronnie Howard,99,7733
6455,Melissa Robles,40,95515
6456,Michelle Weber,62,81544
6457,Brenda Henderson,36,85668
6458,Derek Mcdonald,99,44067
6459,Christopher White,8,51178
6460,Stephanie Nguyen MD,81,52316
6461,Emily Shaw,80,53488
6462,James Perkins,55,77599
6463,Ronnie Flores,39,14667
6464,Joshua Love,45,23367
6465,Mrs. Jill Acosta,45,79841
6466,Melissa Miller,55,62983
6467,Michael Bryant,13,22952
6468,Allison Saunders,90,95170
6469,Zachary Harris,69,12222
6470,Emily Villanueva,44,17958
6471,Kristy Young,82,83474
6472,Nichole Wood,11,79942
6473,Jeffrey Tyler,40,96183
6474,Lisa Decker,47,24391
6475,Ashley Greene,67,23177
6476,Mackenzie Perez,41,94022
6477,Dr. Christopher Jackson,69,27926
6478,Jason Mcmahon,44,40681
6479,Richard Hall,62,1502
6480,Emily Gibson,83,16335
6481,David Wolfe,48,67546
6482,Michael Ramirez,28,18785
6483,Thomas Williams,93,15950
6484,Alex Adams,74,45453
6485,Kimberly King,37,85961
6486,Amy Gordon,7,16159
6487,Steven Murphy,15,23440
6488,Yvonne Thompson,82,53903
6489,Jackie James,66,3842
6490,Scott Mack,9,9513
6491,Erica Serrano,30,69855
6492,Larry Clark,66,90659
6493,Mrs. Lisa Robinson MD,29,5759
6494,Sarah Vang,70,97738
6495,Garrett Li,41,94216
6496,Sarah Lewis,75,19009
6497,Ricky Williamson,13,43579
6498,Robert Mcdonald,42,6876
6499,Jennifer Davis,71,10638
6500,Mary Wagner,94,26535
6501,Caroline Ibarra,89,49005
6502,John Phelps,9,72755
6503,Amanda White,52,20960
6504,Michele Miller,35,47559
6505,Roger Clark,89,6302
6506,Alison Humphrey,53,96941
6507,Renee Ortiz,57,86491
6508,Regina Ramirez,12,76999
6509,Mr. Henry Palmer,39,71423
6510,Carla Hill,31,91984
6511,Chad Hansen,63,31002
6512,Mathew Thomas,89,15289
6513,Dawn Klein,61,95827
6514,Keith Scott,100,70485
6515,Kristina Miranda,81,51134
6516,Laura Taylor,80,46346
6517,Jamie Steele,23,23350
6518,Nicole Norton,75,88035
6519,Brian Martinez,61,16872
6520,Tammie Patterson,79,23071
6521,Jamie Myers,70,20530
6522,Willie Heath,99,55903
6523,Benjamin Smith,36,67837
6524,Angelica Klein,8,66856
6525,Daniel Lindsey,4,35339
6526,Tamara Cole,52,82271
6527,Ryan Bryan,95,6664
6528,Dylan Mcconnell,89,46986
6529,Matthew Wilkinson,8,38103
6530,Troy Valdez,31,70835
6531,Robert Johnson,17,98373
6532,Sabrina Malone,77,22347
6533,Sarah Tyler,52,69716
6534,Dennis Kelley,33,49822
6535,Krista Thompson,65,76480
6536,John Kelley,17,17954
6537,Rachel Blankenship,84,39537
6538,Sean Mcbride,45,35591
6539,Douglas Davis,75,21173
6540,Joshua Vasquez,27,78109
6541,Donna Moore,92,45305
6542,Michelle Austin,27,28295
6543,Kaylee Mccarthy,44,3721
6544,Samuel Ray,56,15563
6545,Lisa Wright,85,50417
6546,Randall Mcmillan,38,68425
6547,Pam Wilson,41,19787
6548,Michael Green,82,60342
6549,Paul Middleton,16,63191
6550,Courtney Roberts,35,44303
6551,Jamie Smith,6,18570
6552,Alyssa Phillips,7,54295
6553,Patrick Simon,66,24063
6554,Stacie Kaiser,8,86269
6555,Jesus Jones,58,33405
6556,Peter Kelley,46,63638
6557,Scott Smith,57,38295
6558,Christopher Brown,68,2905
6559,Carolyn Bush,77,26496
6560,Molly Hurst,20,70484
6561,Michael Sloan,24,36057
6562,Dr. Monica Pena,27,74281
6563,Brooke Vega,89,1825
6564,Nathaniel Scott,59,57094
6565,Todd Medina,95,92223
6566,Jennifer Myers,6,79089
6567,Michael Ellis,38,80763
6568,Phillip Estrada,81,21023
6569,Kimberly Moses,11,83191
6570,Russell Shah,11,66629
6571,Rachel Sullivan,19,36975
6572,Taylor Morris,41,2681
6573,Kenneth Gonzalez,46,63945
6574,Joseph Flores,63,48722
6575,Brittany Smith,87,96626
6576,Alison Gonzalez,24,97885
6577,Crystal Phelps,1,97952
6578,David Murphy,100,70761
6579,Kimberly Barber,20,18157
6580,Douglas Smith,53,64315
6581,Rebecca Stevens,13,45377
6582,Alan Hoffman,15,73420
6583,John Lindsey,39,60742
6584,Kimberly Griffin,19,91896
6585,Lawrence Shannon,2,88416
6586,Gary Escobar,66,54019
6587,Diana Brown,32,17030
6588,Brenda Mathews,93,82293
6589,Aaron Green,100,29112
6590,William Baker,56,37771
6591,Jacob Webster,2,1807
6592,Jason Maddox,92,85302
6593,Cathy Buckley,56,35844
6594,Ernest Zimmerman,95,66535
6595,Michele Rodriguez,59,78595
6596,Heather Chandler,95,38619
6597,Scott Mcdonald,77,55013
6598,Diane Wilson,19,39722
6599,Hannah Jacobs MD,97,32206
6600,Toni Davis,3,50567
6601,Linda Fisher MD,90,83865
6602,Dana Barnes,63,79173
6603,Krystal Davis,85,5037
6604,Eric Hanson,40,52059
6605,James Baker,46,56829
6606,Mrs. Kimberly Adams,8,49798
6607,Mia Valdez DDS,64,59899
6608,Amanda Lam,97,15206
6609,Heidi Phillips,95,21535
6610,Elaine Lopez,61,78371
6611,Christopher Dalton,17,8340
6612,Kenneth Patterson,63,63184
6613,John Carlson Jr.,21,16153
6614,Katherine Smith,53,10242
6615,Eric Newton,11,81191
6616,Daniel Valdez,61,97458
6617,Natalie Spears,26,41148
6618,Randy Hopkins,91,70449
6619,Dylan Jordan,74,4263
6620,Caitlin Oconnor,65,85492
6621,Mason Byrd,61,94461
6622,Marisa Thomas,96,85489
6623,Jennifer Santiago,73,71741
6624,William Webb,97,80729
6625,Lindsay Walker,94,44815
6626,Thomas Hunt,7,53578
6627,Fred Acosta,61,14988
6628,Valerie Armstrong,66,35339
6629,Michael Valencia,59,16499
6630,Kim Wolfe,36,88922
6631,Sara Morrison,14,78286
6632,Matthew Smith,4,68980
6633,David Cross,31,71273
6634,Austin Washington,29,60100
6635,Drew Powers,1,43343
6636,Blake Simon,75,69157
6637,Ricardo Garcia,76,76083
6638,Jeremy Scott,73,99314
6639,Nicole Rojas,82,21609
6640,Denise Parker,86,71509
6641,Dr. Diane Foster,64,18628
6642,Brandon Webb,56,61567
6643,Angel Moss,95,40615
6644,Chad Foster,8,80848
6645,Stephen Velazquez,81,80809
6646,Amy Ward,97,28708
6647,Eric Taylor,58,98798
6648,Adam Myers,4,73993
6649,Jerome Vasquez,75,74793
6650,Daniel Walker,10,33536
6651,Micheal Schmidt,92,71533
6652,Kristina Brennan,53,96217
6653,Veronica Smith,21,23749
6654,Philip Barnes,45,62048
6655,Jermaine Li,29,61541
6656,Gregory James,79,88717
6657,Christopher Boyer,82,98750
6658,Nicholas Bennett,90,2789
6659,Andrew Jensen,46,47866
6660,Deborah Turner,22,85675
6661,Yvonne Romero,45,58933
6662,Luis Smith,85,27536
6663,Rachael Hernandez,80,24407
6664,Lisa Green,61,95603
6665,Larry Welch,88,74173
6666,Gary Galloway,52,62204
6667,Andrew Williams,94,65488
6668,Jared Smith,49,2156
6669,Sean Savage,16,30865
6670,Mr. Anthony Herman,100,67707
6671,Allison Wagner,40,50469
6672,Corey Davis,66,59135
6673,Tina Douglas,56,33042
6674,Peter Lewis,29,40608
6675,Julie Avila,39,95961
6676,Gregory Jones,16,63081
6677,Barbara Tucker,6,44095
6678,Angela Peterson,6,78905
6679,James Garcia,85,32376
6680,Lori Edwards,20,50026
6681,Betty Rose,46,99971
6682,Randy Jones,12,78276
6683,Carrie Gonzales,15,52833
6684,Jessica Rodriguez,25,42638
6685,Pamela Mccarthy,10,50330
6686,Sharon Sweeney,19,71723
6687,Joshua Jones,63,46177
6688,Jack Roberts,49,60079
6689,Brenda Hall,95,73702
6690,Mr. Nathaniel Rowland,82,83741
6691,Tina Turner,6,8604
6692,David Bailey,84,86240
6693,Monica Bryant,54,59329
6694,Jackson Patterson,82,5882
6695,Dalton Frazier,64,67480
6696,Monique Chapman,33,2481
6697,Bryan Macias,32,93165
6698,Christopher Higgins,7,71748
6699,Catherine Mercer,50,6438
6700,Ryan Garza,49,55463
6701,Lance Jackson,42,60404
6702,Denise Miller,50,56929
6703,Mike Wilson,50,76997
6704,Richard Bryan,77,34538
6705,Mikayla Moore,72,20176
6706,Katie Ewing,31,1506
6707,Kristin Baker,3,35428
6708,Judy Dillon,57,35063
6709,Elizabeth Hensley,30,1272
6710,David Carpenter,38,81479
6711,Jessica Church,46,68753
6712,Susan Gonzalez,25,80786
6713,Kiara Gibson,37,65363
6714,Larry Mckinney,45,12349
6715,Anne Reynolds,49,16472
6716,Brandi Jenkins,16,26584
6717,Katherine Odonnell,47,41057
6718,Mary Hutchinson,95,61994
6719,Mr. Christopher Diaz,8,2610
6720,James Martinez,63,23742
6721,David Curtis,82,98250
6722,Francis Howard,90,85967
6723,Joshua Murphy,61,16889
6724,Ronald Fleming,4,2426
6725,Amanda Perez,73,24453
6726,James Beltran,87,9840
6727,Julie Johnson,34,24306
6728,Jose Garcia DDS,60,68714
6729,Amanda Henderson,42,48234
6730,David Johnson,26,43943
6731,Jason Smith,76,98045
6732,Sarah Hogan,43,92794
6733,Blake Villarreal,72,32331
6734,Barry Bishop,25,84988
6735,Elizabeth Wright,25,29750
6736,William Lee,26,71583
6737,Ashley Bryan,94,71500
6738,Jessica Bowman,16,42502
6739,Carly Young,44,54610
6740,Jessica Ramsey,4,86148
6741,Victoria Rodriguez,33,87677
6742,Christopher Gates,66,75135
6743,Andrew Austin,64,82434
6744,William Hayes,27,31420
6745,Joshua Scott,57,13196
6746,Samuel Watson,27,93627
6747,Adriana Schwartz,12,22054
6748,Ashlee Landry,71,10369
6749,David Macdonald,48,22608
6750,Mr. David Hodge,37,56508
6751,Tanya Oconnor,15,52825
6752,Lori Oliver,51,81506
6753,Nicole Bush,79,44254
6754,Karen Hill,85,54421
6755,Emily Ramsey,1,95800
6756,Mrs. Peggy Daugherty,27,57207
6757,John Schwartz,85,94903
6758,Jonathan Evans,54,26285
6759,Xavier Roberts,35,20271
6760,Christian Davis,40,80202
6761,Kimberly Floyd,4,77467
6762,Sarah Reeves,24,19770
6763,Jason Graham,36,3070
6764,Shelly Patrick,85,22667
6765,Paul Johnson,40,67180
6766,Jacob Doyle,49,11611
6767,Charles Parks,63,13919
6768,David Russell,53,19314
6769,Mark Grant,77,13325
6770,Aaron Norris,71,35404
6771,Aaron Gonzalez,59,60900
6772,Melissa Hood,92,86509
6773,Jay Snyder,69,16589
6774,David Patrick,4,79782
6775,Jesus Hardy,40,53004
6776,Michael Roberts,65,39883
6777,James Wells,36,55301
6778,Patricia Olson,75,67883
6779,Stephanie Schmidt,69,69676
6780,Christopher Watkins,82,68537
6781,Willie Ramsey,82,8077
6782,Timothy Evans DDS,59,87236
6783,Jamie Davis,81,98022
6784,Alan Villarreal,59,93651
6785,Lisa Harris,46,5272
6786,Janice Lewis,14,76283
6787,Teresa Cole,17,64943
6788,Christina Ramirez,12,9030
6789,Nathan Dawson,42,69512
6790,Gloria Daniels,53,26543
6791,Mr. Dean Harris,5,42846
6792,Daniel Sanchez,49,49127
6793,Courtney Thornton,62,27973
6794,Denise Freeman,12,10544
6795,Michelle Humphrey,29,29865
6796,Michelle Smith,1,65022
6797,Andrea Rowe,22,42232
6798,David Peck,69,83641
6799,Jonathan Harrison,79,1596
6800,Christopher Browning,99,13693
6801,Jeffrey Knapp,51,43964
6802,Riley Boyer,79,3629
6803,Laura Hernandez,1,2829
6804,Melissa Schmidt,76,39536
6805,Michael Gamble,38,84606
6806,Anthony Sutton,85,10995
6807,Ronald Vazquez,26,74867
6808,Angela Vance,53,57947
6809,Samantha Maxwell,1,31932
6810,Mrs. Nicole Moore DDS,51,33843
6811,Veronica Galvan,76,39926
6812,Sara Rivera,43,17205
6813,Mr. Jesus Giles,78,89685
6814,Jason Bauer,85,38881
6815,Joseph Kim,8,61995
6816,Jasmine Wright,59,42199
6817,Heather Flynn,1,1555
6818,David Woods,59,64879
6819,Dr. Erin Perez,58,91813
6820,Brooke Klein,42,54120
6821,Tyrone Brown,92,45584
6822,Joseph Walker,27,26474
6823,Dr. Amy Reid MD,4,33641
6824,Allen Byrd,92,50394
6825,Mrs. Cheryl Marshall MD,33,6965
6826,Roberta Craig,45,53751
6827,Angel Moore,38,64748
6828,John Orr,79,1135
6829,Anita Huff,38,26089
6830,Karen Clark,39,81795
6831,Kevin Petty,22,17793
6832,Scott Morris,94,71225
6833,Sharon Kramer,12,98045
6834,Nicholas Morrow,91,90082
6835,Amanda Daniels,96,58728
6836,Carolyn Santiago,2,19764
6837,Maxwell Moore,16,45806
6838,Jose George,62,14365
6839,Catherine Johnston,33,1665
6840,Nicholas Chang,44,64655
6841,Jennifer Kennedy,23,44057
6842,Derek Baird,21,3566
6843,Victor Dean,55,27053
6844,David Sheppard,96,6600
6845,Erik Mathis,82,99217
6846,Joshua Jensen,59,78212
6847,Erin Payne,39,6513
6848,Cynthia Hernandez,100,67248
6849,Jamie Cole,24,18456
6850,Robert Perez,22,16999
6851,Kenneth Peterson,100,40843
6852,Anthony Aguilar,65,67580
6853,Carrie Harrison,88,71413
6854,Tracy Andrews,93,85498
6855,Mr. Randall Howard,88,25668
6856,Craig Miller,93,83773
6857,Christian Hunter,48,19664
6858,Jennifer Gutierrez,70,76980
6859,Jennifer Collins,64,54874
6860,Patricia Hahn,45,39945
6861,Sarah Melendez,74,72535
6862,Sandra Robinson,37,4738
6863,Courtney Ellis,46,34091
6864,Alan Alvarez,46,92660
6865,Jennifer Morgan,57,78782
6866,Jaime Washington DVM,90,61515
6867,Ryan Boyer,21,31928
6868,Daniel Graham,79,61052
6869,Shelby Curtis,91,61850
6870,Mark Nichols,65,50900
6871,Brandon Reynolds,51,24750
6872,Susan Smith,52,10017
6873,Sharon Hicks,32,15362
6874,Daniel Garner,99,85904
6875,Joseph Howard,32,67460
6876,Christine Powell,92,40299
6877,John King,72,35086
6878,Tara Brown,38,16934
6879,Vanessa Williams,13,66930
6880,Caitlin Wagner,66,72382
6881,Keith Jones,2,90634
6882,Angela Rodriguez,21,68142
6883,Todd Moore,88,39739
6884,Mark Berry,10,71328
6885,Miguel Sanchez,85,65745
6886,Matthew Ramos,33,54713
6887,Jesse Thomas,98,95913
6888,Mrs. Mary Forbes,28,70130
6889,Christina Beck MD,57,69318
6890,Jose Hunt,24,53216
6891,Lindsay Ray,54,28997
6892,Melissa Lopez,85,57589
6893,Sharon Mccarthy,19,26803
6894,Peter Moore,77,18792
6895,Alicia Travis,85,62126
6896,Cynthia Howard,50,55434
6897,Jonathan Bryant,72,50917
6898,Mr. Scott Bradford,86,94150
6899,Daniel Matthews,76,12673
6900,Zachary Brooks,40,5087
6901,James Cox,29,21910
6902,William Medina,62,40754
6903,Michael Daniels,91,12700
6904,Danny Smith,91,16731
6905,Samantha Benjamin,36,80942
6906,Travis Long,94,26605
6907,Timothy Ford,48,87312
6908,Sherry Rocha,17,43545
6909,Benjamin Calhoun,65,78206
6910,David Mcdaniel,27,82027
6911,Adriana Smith,67,91960
6912,Mitchell Woodard,38,73151
6913,Scott Bates,67,52866
6914,Brandon Patterson,25,38636
6915,Tammy Sawyer,59,78931
6916,Eric Robinson,88,3815
6917,Adam Stein,73,77835
6918,Mrs. Jennifer Green,29,56871
6919,Cheryl Christian,50,97262
6920,Teresa Chapman,47,27427
6921,Courtney Hamilton,44,49624
6922,John Webb,15,68311
6923,Mr. Garrett Campbell MD,45,99125
6924,Lisa Villegas,49,21602
6925,William Walker,54,21146
6926,Brian Patton DDS,49,12590
6927,David Thompson,78,89873
6928,Deborah Harris,82,59661
6929,Kristen Bryant,36,33095
6930,Sarah Ruiz,79,54562
6931,Jessica Gonzalez,73,85591
6932,Kelly Scott DVM,44,84980
6933,Pedro Allen,48,25309
6934,Joyce Benjamin,51,15037
6935,Christopher Hayes,95,14404
6936,Dominique Franco,22,97009
6937,Douglas Key,70,55891
6938,Lydia Lopez,70,70058
6939,Kyle Warren,32,64579
6940,Brandon Powell,17,44443
6941,Anthony Leach,35,44990
6942,Ronald Zamora,49,28064
6943,Troy Ibarra,31,11958
6944,Joshua Rosario,84,58335
6945,William Stokes,12,37621
6946,Olivia Baker,10,49962
6947,Charles Cole,44,2115
6948,Haley Howard,97,89277
6949,David Carpenter,87,68299
6950,Amy Cantu,17,55794
6951,Brandi Archer,57,62529
6952,Edward Bailey,36,54313
6953,James Reed,53,74611
6954,Steven Cox,82,42922
6955,Elijah Turner,88,20056
6956,Justin Lyons,62,32592
6957,Tammy Drake,79,52591
6958,Samuel Bradshaw,17,97219
6959,Hector Perez,58,35501
6960,Lisa Wagner,57,86786
6961,Christina Hicks,82,62920
6962,Wyatt Juarez,65,73875
6963,Lynn Rodriguez,98,26901
6964,Kevin Patrick,69,8429
6965,Anne Hernandez,95,18901
6966,Cynthia Mendoza,81,24679
6967,Benjamin Torres,72,90937
6968,Danielle Medina,62,77338
6969,Ryan Morgan,21,92305
6970,Robert Stevenson,18,18467
6971,Mrs. Laura Klein,56,62908
6972,Deborah Carlson,73,18539
6973,Alexis Carrillo,64,29205
6974,Virginia Blackburn,4,5688
6975,Matthew Fuller,40,58136
6976,David Wilson,64,86531
6977,Christopher Jones,94,58304
6978,Daniel Huber,1,21786
6979,Tim Thomas,32,2594
6980,Louis Rivas,51,60923
6981,Julie Knox,61,24465
6982,Timothy Cook,36,19517
6983,Stephanie Tran,50,14469
6984,Anthony Velazquez,5,74857
6985,Eric Nguyen,8,26120
6986,Alicia Montgomery,79,61249
6987,Allen Carter,54,17408
6988,Daniel Burke,28,24788
6989,Elizabeth Floyd,1,39832
6990,Christopher Santos,48,51544
6991,Derrick Martinez,26,1842
6992,Melinda Santiago,11,56264
6993,Kylie Bautista,48,86839
6994,Micheal Campos,32,75339
6995,Steven Dennis,99,39063
6996,Mrs. Sandra Ibarra,100,49583
6997,Corey Valdez,30,29666
6998,Jacqueline Chen DDS,81,85836
6999,Michael West,73,67223
7000,Jennifer Sanchez,60,69368
7001,Jennifer Bryant,64,86212
7002,Bob Conley,30,99498
7003,Jared Robinson,28,23791
7004,Kara Wright,9,15671
7005,James Bennett,49,6131
7006,Benjamin Chandler,63,76715
7007,Hailey Aguirre,7,7840
7008,Susan Scott,73,31099
7009,Jerome Leon,34,59059
7010,Kelly Velasquez,12,68081
7011,Charles Snyder PhD,52,37282
7012,Joshua Wilson,27,39548
7013,Briana Castro,92,89177
7014,Danielle Butler,28,22884
7015,Christina Sweeney,100,27750
7016,Courtney Ballard,50,89014
7017,Haley Schneider,44,29465
7018,Natalie Graves,52,47434
7019,Charles White,87,30379
7020,Lauren Day,21,24662
7021,Kristin Nguyen,51,15907
7022,David Bond,56,17455
7023,Scott Patterson,94,75945
7024,Lisa Burns,100,98776
7025,Bryan Duke,100,2494
7026,Jason Graham,51,2415
7027,Richard Jones,49,39212
7028,Michael Glass,36,19565
7029,Antonio Chang,38,36082
7030,Monica Phillips,48,29337
7031,William Smith,76,74795
7032,Joshua Dixon,56,87449
7033,Bryan Perez,45,7604
7034,Julie Munoz,38,25574
7035,Cheryl Rios,49,80488
7036,Albert Davis,43,23637
7037,David Perez,62,5028
7038,Rhonda Smith,48,13469
7039,John Stout,38,9378
7040,Cindy Carter,77,58204
7041,Ryan Mason,1,68242
7042,Amanda Jones,24,9513
7043,Isaac Fleming,97,53823
7044,John Knapp,10,71765
7045,Cole Moore,64,66387
7046,Susan Harding,34,31078
7047,Brenda Nash,44,91606
7048,Daisy Cole,32,18746
7049,Jessica Martin,15,37830
7050,Melanie Chapman,53,83400
7051,Lauren Garcia,22,76460
7052,Robin Wells,67,14416
7053,David Miller,44,27677
7054,Johnathan Barnes,96,24597
7055,Sarah Vance,31,51108
7056,Kathryn Osborne,72,60253
7057,Mackenzie Robinson,64,59747
7058,John Obrien,86,64334
7059,Jackson Thompson,74,50217
7060,Kevin Vazquez,32,8402
7061,Jack Thompson,56,64810
7062,Julie Schmidt,19,60631
7063,David Phillips,30,25338
7064,Kendra Torres,66,68888
7065,Nicole Johnson,19,29745
7066,Heather Warner,39,89368
7067,Brittany Smith,83,99004
7068,Scott Mccann,30,17115
7069,Jennifer York,17,65346
7070,Amanda Baker,84,41415
7071,Melanie Newman,44,53767
7072,Jamie Massey,74,50477
7073,Victor Sullivan,31,47413
7074,Christina Nelson,15,63453
7075,Brian Reynolds,75,44076
7076,Jill Malone,65,97001
7077,Robert Acevedo,16,67227
7078,Margaret Jones DVM,38,94951
7079,John Gonzalez MD,63,80902
7080,Brittany Smith,61,78498
7081,Jenna Copeland,49,64905
7082,Brian Smith,100,6636
7083,Michael Clark,15,93940
7084,Jennifer Robinson,50,60621
7085,Bradley Moore,93,4185
7086,Julie Foster,53,25140
7087,John Clark,61,75609
7088,Thomas Castillo,10,43840
7089,Samantha Mccormick,54,14219
7090,Michael Fisher,28,94199
7091,Olivia Jones,92,73348
7092,Anthony Martin,95,58037
7093,Shawn Stevens,32,50634
7094,Jeremy Anderson,80,48888
7095,Sabrina Payne,75,74408
7096,Lauren Myers,90,48854
7097,Kimberly Gray,93,52029
7098,Julie Ayers,30,85380
7099,Mrs. Nicole Flores,51,53042
7100,Melissa Williams,24,5659
7101,Dustin Clark,24,72660
7102,Kathryn Allen,100,89671
7103,Maria Young,72,40329
7104,Rebekah Hayden,22,50025
7105,Jonathan Moore MD,74,49417
7106,Emily Duran,12,85923
7107,Kevin Clark,10,41613
7108,Ryan Schmidt,74,75311
7109,Eric Thornton,25,50104
7110,Jennifer Greene,95,83459
7111,Lisa Wise,70,69263
7112,Yolanda Fitzgerald,55,93951
7113,Lynn Noble,43,63134
7114,Danielle Gonzales,4,96170
7115,Gary Parker,23,86599
7116,Connor Johnson,82,90096
7117,William Barton,30,82899
7118,Jennifer Anderson,28,89055
7119,Sheila Salinas,11,51276
7120,Olivia Aguirre,93,3892
7121,Brenda Hayes,22,85999
7122,Alicia Miller,16,7940
7123,Theresa Smith,47,62900
7124,Robert Lawrence,51,32247
7125,Kyle Gonzalez,38,94417
7126,Mark Jenkins,90,10356
7127,Caroline Ewing,50,84143
7128,Jessica Hahn,96,7053
7129,Christopher Bennett,2,49151
7130,Edwin Nguyen,17,38454
7131,April Robbins,30,83244
7132,Amy Gonzalez,43,1918
7133,James Le,33,54785
7134,Stacy Kim,88,73303
7135,Jill Ashley,12,21896
7136,Bobby Davenport,82,97744
7137,Katherine Barry,48,28052
7138,Kristen Lewis,7,48806
7139,Andrew Miller,33,40510
7140,Jessica Gordon,80,67793
7141,Steven Baker,34,16652
7142,Steve Swanson,53,15467
7143,Jacob Fleming,10,96846
7144,Joyce Cunningham,82,69036
7145,Teresa Stewart,56,62018
7146,Jessica Diaz,43,42430
7147,Dr. Rebecca Stein,100,22590
7148,Wendy Conway,80,38134
7149,Courtney Meadows,77,10855
7150,Patrick Smith,44,59777
7151,Thomas Potter,6,52070
7152,Stephen Holmes,4,25887
7153,Steve Silva,35,89314
7154,Christie Grant,81,7181
7155,Kevin Mueller,87,2574
7156,Timothy Carter,47,97803
7157,James Hines,58,93948
7158,James Kelly,38,87054
7159,Sandra Haynes,54,37553
7160,Jeremy Herrera,69,8172
7161,Laura Ochoa MD,35,32360
7162,Danielle Gillespie,94,65998
7163,Jonathan Robinson,37,86035
7164,Corey Hernandez,63,57884
7165,Robert Hayes III,92,55027
7166,Susan Gonzalez,28,62248
7167,Brendan Austin,5,86609
7168,Trevor Martin,30,79294
7169,Charles Robles,17,9755
7170,Tyler Walsh,97,50629
7171,Daniel Bowers,9,60008
7172,Gavin Taylor,85,40702
7173,Jacqueline Wells,63,61255
7174,Jasmine Kim,35,57398
7175,David Hunter,4,5446
7176,Ashley Torres,79,4372
7177,Heather Hall,81,17385
7178,Michael Weaver,27,84586
7179,Brandy Maynard,98,9767
7180,Pamela Lucas,93,31636
7181,Christine Griffith,18,66920
7182,Robert Williams,57,97592
7183,Bradley Hansen,41,6595
7184,Alicia Kim,10,50401
7185,Amanda Baker,77,6094
7186,Luis Hart,86,77632
7187,Nathaniel Douglas,91,45622
7188,William Brooks,61,23647
7189,Lisa Rodriguez,98,36987
7190,Bradley Rose,25,36637
7191,Timothy Spencer,39,39957
7192,Kimberly Campos,98,56224
7193,Ashley Lewis,28,48056
7194,Jill Jackson,78,34555
7195,Jonathan Scott,39,64993
7196,Michael Erickson,81,18442
7197,David Rose,57,43059
7198,Mr. David Byrd,21,55671
7199,Robert Hernandez,56,74868
7200,Amanda Cooper,63,88107
7201,Mary Stevens,57,17830
7202,Nicole Cook,22,23630
7203,Rachel Ortega,22,1950
7204,Christopher Friedman,58,91438
7205,Jeremy Zhang,64,29112
7206,Charles Fleming,52,78343
7207,Tyrone Beard,8,71880
7208,Marisa Lee,88,99244
7209,Thomas Dickerson,43,21859
7210,Gary Smith,62,94629
7211,Christopher Castro,22,82875
7212,Mary Atkinson,70,86917
7213,Sarah Gibson,27,4218
7214,Jesse Mckee,47,82145
7215,Marie Mccoy,95,71843
7216,Kayla Heath,87,92133
7217,Anthony Garza,66,26402
7218,Mr. Ernest Rowe,1,13356
7219,Tina Jones,16,75793
7220,Tommy Roy,8,89631
7221,Ryan Zimmerman,56,90316
7222,Rebecca Ward,74,34609
7223,Amy Chase,12,80522
7224,Tina Davis,84,36944
7225,Samantha Powell,5,83483
7226,Catherine Case,45,21359
7227,Christopher Madden,98,66757
7228,Meghan Gonzalez,25,35812
7229,Christina Reynolds,31,46625
7230,Scott Hoover,3,62226
7231,Angela Moore,95,56038
7232,Michael Vargas,98,20243
7233,Lisa Taylor,21,84609
7234,Lori Martinez,96,99143
7235,Stephen Collins,59,59519
7236,Colleen Espinoza,43,70564
7237,Rodney Decker,3,33529
7238,Daniel Thomas,14,51956
7239,Kevin Young,67,84106
7240,Diana Stein,66,97786
7241,Alyssa Hernandez,23,20932
7242,Robert Johnson,83,5938
7243,Monica Mendez,90,81135
7244,Edward Hanson,23,14486
7245,Anthony White,26,80107
7246,Willie Murray,47,25288
7247,Robert Hunter,25,24725
7248,Brianna James,39,45190
7249,James Jones,77,9708
7250,Shawn Petersen,26,12505
7251,Daniel Ortega,73,87065
7252,Kelly Jordan,61,52984
7253,Thomas Rogers,16,1137
7254,Tony Miller PhD,3,48760
7255,Dana Melton,20,24907
7256,Shannon Turner,83,64729
7257,Erin Anthony,68,76981
7258,Karen Hatfield,56,13844
7259,Ronald Perry,4,78188
7260,Melissa Hansen,4,61285
7261,Joanna Black,58,92724
7262,Eric Hensley PhD,91,5690
7263,Morgan Simmons,35,1145
7264,Thomas Scott,94,32866
7265,Daniel Holt II,88,84695
7266,Michael Macias,15,59827
7267,Kimberly Smith,31,90742
7268,Shannon Fernandez,30,98134
7269,Dylan Brown,20,15952
7270,Emily Johnson,53,25854
7271,Angela Carter,91,97395
7272,Helen Sherman,79,75377
7273,Michael Morse,69,24002
7274,Leonard Chang,47,12864
7275,Joshua Brown,63,72332
7276,Joyce Jackson,29,64455
7277,Anthony Thornton MD,70,73656
7278,Chad Burton,11,76443
7279,George Daniels,15,56831
7280,Christine Henderson,63,53775
7281,Jimmy Cox,28,83737
7282,Brandon Giles,36,49825
7283,Caleb Hutchinson,8,2782
7284,Jonathan Jenkins,98,92980
7285,Daniel Murray,70,31192
7286,Randy Norris,19,72294
7287,Karen Ruiz,70,70303
7288,Christopher Miles,10,93536
7289,Henry Miller,59,95977
7290,Marcus Payne,31,6308
7291,Wesley Norris,34,9689
7292,Gabrielle Edwards,72,75871
7293,Carrie Johnson,39,32730
7294,Stephen Villegas,5,59225
7295,Amy Howell,57,49929
7296,Henry Hickman,47,99875
7297,Julie Burke,69,1707
7298,Steven Case,21,46370
7299,Brittney Allison,11,56952
7300,Steven Barnes,98,68398
7301,Matthew Owens,4,82924
7302,Arthur Brown,39,26991
7303,Alex Pineda,98,98122
7304,Angela Edwards,39,60119
7305,Gary Newton,82,8875
7306,Jean Horton,54,41011
7307,Zachary Wright,38,37382
7308,Christian Ortiz,50,16677
7309,Brian Holland,35,53894
7310,Destiny Tanner,38,78382
7311,Jessica Wood MD,5,72319
7312,John Mcgrath,9,61631
7313,Stephanie Moore,45,27685
7314,Denise Holland,7,87414
7315,Amy Pierce,37,64418
7316,Daryl Reed,63,33214
7317,William Jones,79,77440
7318,Heather Barker,80,60942
7319,Catherine Norton,61,95505
7320,Christopher Brown,6,75472
7321,Stephen Carpenter,56,20226
7322,Tyler Morales,2,37578
7323,Thomas Anderson,96,87813
7324,Stephanie Brown,96,58201
7325,Lisa Hill,48,75870
7326,Lisa Jones,13,93474
7327,Nicholas Crawford,20,24981
7328,Debra Thompson,35,78471
7329,Chelsea Stanley,12,10730
7330,Casey Murray,66,34337
7331,Walter Holmes,79,92931
7332,Donald Dean,36,21040
7333,Amber Contreras,33,75651
7334,Mindy Brown,28,38759
7335,Virginia Sullivan,44,22702
7336,Tanner Martinez,50,1438
7337,Catherine Walker,75,11114
7338,Jeffery Collins,69,65467
7339,Sarah Delgado,80,62234
7340,Alison Salazar,68,98984
7341,Lonnie Williams,96,11785
7342,Carla Mcdonald,10,42460
7343,Alex Pena,32,35761
7344,John Madden,66,98981
7345,Mary Carter,6,6786
7346,Shelby Lee,100,93665
7347,William Luna,59,17123
7348,Steve Lee,90,42983
7349,Daniel Sosa,24,84973
7350,Christina Smith,44,38162
7351,Mr. Nicholas Reed MD,32,19162
7352,Jonathan Brown,15,50316
7353,Stacey Richardson,73,59750
7354,Misty Anthony,92,20236
7355,Kristina Wright MD,98,59445
7356,Theresa Carroll,95,29259
7357,Robert Diaz,5,98437
7358,Jeffery Smith,6,20463
7359,Robert Perkins,99,85980
7360,Melissa Brown,53,27765
7361,Joanne Ramos,34,2583
7362,Deanna Kramer,59,56920
7363,Maria Morales,94,41731
7364,Emily Brown,51,40839
7365,Betty Hines,43,49543
7366,Elizabeth Austin,64,37470
7367,Whitney Brown,35,82767
7368,Alicia Garcia,85,89336
7369,Sylvia Parsons,17,88906
7370,Joseph Richardson,70,37372
7371,Kevin Tucker,49,13894
7372,Michael Flowers,63,49339
7373,James Coffey,61,45543
7374,Mrs. Amy Hatfield,31,64696
7375,Angela Lee,13,83590
7376,Alice Brooks,7,29440
7377,Lisa Perez,12,71319
7378,Nancy Dunlap,88,16424
7379,Devin Green,70,8895
7380,Vanessa Lyons,9,29932
7381,Dr. Laura Durham,34,28303
7382,Christy Carlson,51,6053
7383,Christopher Reilly,40,8494
7384,Kimberly Patterson,3,64487
7385,Maria Warren,67,79749
7386,Jeffrey Jackson,54,50029
7387,Sherry Frazier,11,19595
7388,Valerie Morris,11,89564
7389,Whitney Kelly,57,83271
7390,Nathaniel Ramos,47,81849
7391,Deborah Shah,20,5138
7392,Mitchell Johnston,42,67301
7393,Laurie Strickland,100,18286
7394,Jodi Robinson,14,22068
7395,Martha Smith,44,41066
7396,Katherine Ali,17,79531
7397,Joseph Hale,35,56018
7398,Ethan Pace,44,73417
7399,Margaret West,68,10336
7400,Cynthia Mendez,63,79081
7401,Megan Bailey,33,98131
7402,Jennifer Garcia,56,98690
7403,Mary Green,54,42749
7404,Brenda Jordan,48,64105
7405,Paula Grant,75,45420
7406,Colleen Mercer,93,4260
7407,Juan Mendez,69,50580
7408,April Hurst,43,84671
7409,Stephen James,57,33229
7410,Chloe Patterson,63,65582
7411,Tammy Richardson,86,44920
7412,Claire Alexander,62,88987
7413,Eric Espinoza,1,98534
7414,Lonnie Jones,7,53938
7415,Alan Peterson,19,72614
7416,David Rhodes,58,25575
7417,Hannah Harris,50,5797
7418,Samantha Mclean,29,5709
7419,Haley Novak,18,37698
7420,Earl Newman,43,6067
7421,Kevin Gutierrez,50,31671
7422,Susan Colon,49,41125
7423,Jessica Smith,16,56605
7424,Charles Crawford,32,78401
7425,Ryan Davis,18,53164
7426,Kenneth Solomon,47,68739
7427,Beverly Steele,83,97463
7428,Brett Patel,72,66670
7429,Ernest Compton,33,16381
7430,Joshua Hubbard,97,58177
7431,Justin Flores,83,44495
7432,Paul Johnson,41,5493
7433,Kyle Davis,85,67588
7434,Jordan Castro,81,12572
7435,Andrew Oconnor,43,69289
7436,Annette Cunningham,20,95203
7437,Beth Hurley,94,27259
7438,Joanne Nelson,70,20471
7439,Gloria Martin,37,15179
7440,David Schultz,29,90794
7441,Michael Harrison,77,11677
7442,Arthur Cantrell,87,47914
7443,Brianna Hudson,65,8789
7444,Charles Hensley,60,47367
7445,Brittany Mack,39,8761
7446,William Parsons,60,6057
7447,Emily Scott,93,7003
7448,Kyle Warner,36,6219
7449,Charles Tran,87,84287
7450,Jacqueline Avila MD,70,77636
7451,Tanya Vasquez,98,95849
7452,Arthur Davis,41,47109
7453,Frank Jackson,4,83387
7454,Matthew Hunter,22,52247
7455,Aaron Fernandez,1,72048
7456,Rose Bonilla PhD,91,28383
7457,Mr. Jeffrey Moore,5,38485
7458,Gina Williams,23,27515
7459,Natasha Williams,94,95677
7460,Joseph Kelly,6,35972
7461,Johnathan Carter,53,98514
7462,Joel Hopkins,63,32969
7463,Randy Kirk,30,91539
7464,Michael Stewart,39,74097
7465,Ryan Scott,83,62339
7466,Kathy Brooks,74,43850
7467,Samantha Collins DDS,72,56137
7468,Donna Trujillo,98,14826
7469,Nicholas Clark,77,7438
7470,Laura Robles,17,61706
7471,Mary Gilbert,37,33119
7472,Mrs. Kimberly Combs,79,92796
7473,Heather Hernandez,46,4231
7474,Brenda Wyatt,68,50137
7475,Maurice Howard,57,15382
7476,Amanda Wheeler,91,40209
7477,Julie Williamson,78,78845
7478,Michael Villa,30,28289
7479,Shannon Moore,67,77227
7480,Kathleen Franco,49,77388
7481,Elizabeth Nash,3,17311
7482,Megan Mckee,20,38137
7483,Robert Lee,30,72614
7484,Eric Velez,29,81069
7485,Marie Wood,98,33655
7486,Samuel Morrison,16,67053
7487,Richard Villegas,27,75562
7488,Evan Gates,72,7893
7489,Christina Grant,55,70248
7490,Lisa Cook,49,19773
7491,David Wright,57,16265
7492,Scott Medina,44,72354
7493,Lucas Hopkins,13,66642
7494,Crystal Turner,19,91147
7495,Kathryn Harper,27,57209
7496,Christian Cortez,37,20842
7497,Samuel Sheppard,86,75204
7498,Joseph Lopez,11,61828
7499,John French,39,54845
7500,Heather Dougherty,35,79759
7501,Jermaine Baldwin,61,47274
7502,Brett Bauer,1,32039
7503,Timothy Moore,17,59252
7504,Sabrina Dunn,83,39369
7505,Christopher Lee,78,41778
7506,Sara Perez,38,16939
7507,Cole Adams,29,36763
7508,Brian Robinson,24,82695
7509,Stephanie Owens,84,63078
7510,Mrs. Joanna Gardner,43,41832
7511,Michael Holmes,10,41724
7512,April Holden,50,97252
7513,Christopher Holt,93,3894
7514,Audrey Walton,41,91826
7515,Dr. Cody Oneal,67,89984
7516,Eric Bryant,28,88463
7517,Christopher Davis,74,46750
7518,Robert Hull,80,30935
7519,Hunter Hale,3,77190
7520,Christine Montgomery,2,24982
7521,John Williams,12,9735
7522,Crystal Richardson,60,32240
7523,Todd Mcmillan DDS,57,96108
7524,Linda Williams,38,17290
7525,Kelsey Herrera,40,3336
7526,Alec George,48,12901
7527,Peter Carlson,73,95048
7528,Diane Buck,32,73074
7529,Kevin Martinez,99,58123
7530,Samuel Moore,40,5164
7531,Denise Martinez,66,70830
7532,Michael Hart,16,64424
7533,Robert Martinez,60,72231
7534,Jerome Heath,32,13463
7535,Caleb Mccullough,97,14337
7536,Scott Andrews,59,59585
7537,Joel Love,9,73957
7538,Ashley Johnson,54,46080
7539,Dr. John Rodriguez DDS,91,3394
7540,Courtney Torres,50,40540
7541,Kimberly Oliver,43,93497
7542,Andrew Harrison,49,82769
7543,Diamond Steele,75,73336
7544,Candice Lee,40,27257
7545,James Thomas,9,79886
7546,David Moreno,13,15143
7547,Michael Brown,89,57169
7548,Tanya Mills,36,18534
7549,Kimberly Luna,92,53341
7550,Wendy Estrada,55,39874
7551,Paula Mccormick,63,50714
7552,Tim Ward,4,56809
7553,Catherine Brown,92,15830
7554,Christopher Barnes,78,21299
7555,Jennifer Farrell,28,68953
7556,Trevor Navarro,2,23378
7557,Laura Nguyen,20,95439
7558,Robert Harrison,19,50633
7559,Richard Diaz,66,69874
7560,Christopher Howell,4,74834
7561,David Garrett,36,80051
7562,Kevin Mcguire,34,55939
7563,Hannah Hawkins,65,50284
7564,Tony Page,90,86012
7565,Becky Martinez,93,7121
7566,Barbara Cox,51,67711
7567,Christopher Santiago,96,23107
7568,Jacob Ochoa,83,86754
7569,Nancy Zimmerman,18,17549
7570,Tyler Sanchez,66,68859
7571,Luis Vazquez,46,67650
7572,Leah Gomez,74,60025
7573,Paul Soto,77,38000
7574,James Bauer,31,4654
7575,Jacob Brennan,96,45561
7576,Justin Mason,100,62628
7577,James Mckenzie,77,9771
7578,Megan Jones,56,8296
7579,William Johnston,83,59399
7580,Jordan Brown,50,99618
7581,Robert King,49,1301
7582,Joan Smith,18,80978
7583,Colleen Saunders,3,50868
7584,Andrew Moreno,30,23759
7585,Bradley Thomas,95,3374
7586,Allison Bishop,60,89068
7587,Charles Clements,89,25077
7588,Corey Castaneda,46,71961
7589,Christina Brown,21,87345
7590,Anne Miller,80,30527
7591,Gabriela Gordon,31,45654
7592,Paul Acosta,22,4145
7593,Sandra Shelton,89,32910
7594,Javier Underwood,1,80320
7595,Jessica Garcia,96,56742
7596,Nancy Davis,38,89219
7597,James Bryan,7,59309
7598,David Williams,52,92864
7599,Ryan Sanford,1,58327
7600,Emily Miller,38,28061
7601,Christine Smith,52,29978
7602,Dawn Bates,36,28829
7603,Katelyn Rogers,42,62769
7604,David Morgan,48,5661
7605,Lucas Smith,5,36312
7606,Mrs. Priscilla Lopez,1,21813
7607,Jennifer Sullivan,56,73768
7608,Kimberly Wheeler,58,65108
7609,Kevin Bonilla,8,86010
7610,Kevin Brewer,23,61462
7611,Meredith Brown,20,7273
7612,Jennifer Arroyo,3,53652
7613,Nicholas Sanchez,17,31228
7614,Amy Dean,44,78438
7615,Diane Tucker,51,23241
7616,Christopher Paul,23,31894
7617,Steven Harris,46,6729
7618,Gina Vargas,47,66422
7619,Donald Pacheco,95,1166
7620,Heather Caldwell,78,74460
7621,Justin Leblanc,41,53309
7622,Douglas Richardson,10,15323
7623,Sharon Davis,22,46512
7624,Connor Keith,15,62727
7625,Elizabeth Ward,99,20798
7626,Jeffrey James,23,29524
7627,Amy Murphy,22,92721
7628,Erica Gibson,46,96432
7629,Edgar Barnes,86,80928
7630,Shane Rivera,14,81477
7631,Glenn Zhang,86,83930
7632,Francisco Jackson,45,92115
7633,Steven House,53,77562
7634,Amanda Davidson,49,31021
7635,Amber Maldonado,98,30201
7636,Paula Vasquez,56,37841
7637,Kelly Gonzalez,83,36088
7638,Frank Owen,53,5690
7639,Wyatt Garcia,97,4883
7640,Melvin Hill,39,2968
7641,Loretta Thomas,72,25790
7642,James Castro,14,45951
7643,Holly Payne,77,79574
7644,Lindsey Smith,45,11340
7645,Mr. Carl Gardner MD,58,38248
7646,George Mccarthy,87,81941
7647,Leah Trevino,21,43060
7648,Jessica Hill,32,61366
7649,Jessica Curry,35,45928
7650,Crystal Stephenson,3,47502
7651,John Contreras,88,18495
7652,Emily Taylor,66,45484
7653,Donna Francis,23,77162
7654,Melanie Martin,89,23619
7655,Michael Hawkins,40,94510
7656,Courtney Walker,63,70901
7657,Ashley Williams,82,81568
7658,Alexandra Harper,47,76261
7659,Miss Amy Boyd MD,15,16056
7660,Jody Young,65,69670
7661,Troy Allen,64,96269
7662,Carla Robinson,56,31343
7663,Denise Riley,24,85373
7664,Lauren Graham,29,89920
7665,Jeffery Brown,38,9762
7666,Desiree Shepherd,91,18395
7667,Derrick Keller,62,7954
7668,William Rivas,13,40396
7669,Renee Burke,3,10385
7670,David Lynch,22,70182
7671,Michael Miller,89,71455
7672,Richard Chapman,56,43762
7673,Maria Carson,65,15308
7674,Donald Davidson,29,67388
7675,Peter Maldonado,37,79406
7676,Phillip Walker,52,21230
7677,Ruth Schmitt,2,56322
7678,Daniel Sutton,17,35262
7679,Lisa Kirk,83,23168
7680,Crystal Rodriguez,15,71517
7681,Donna Allen,80,49411
7682,Robert Jones,31,40862
7683,Danielle Mendoza,58,22335
7684,George Davis,87,12768
7685,Edward Hartman,53,87245
7686,Shelly Cuevas,64,72111
7687,Tiffany Garcia,3,61509
7688,Sara Smith,59,4670
7689,Leslie Martin,99,19158
7690,Timothy Garcia,47,23253
7691,Jon Wall,44,92116
7692,Brenda Griffith,13,26583
7693,Alexander Lowery,14,85472
7694,Jennifer Murphy,61,20723
7695,Lisa Silva,77,95891
7696,Derek Wilson,25,70513
7697,Gloria Martin,9,84329
7698,Anna Jones,58,37366
7699,Jodi Lawson,83,20843
7700,Jeffrey Cochran,17,89328
7701,Douglas Lopez,51,37065
7702,Calvin Adkins,50,43821
7703,Rodney Hopkins,30,23034
7704,Cassandra Parker,86,65708
7705,Kevin Day,71,92504
7706,Corey Phillips,76,57358
7707,Shannon Young,17,52439
7708,Barry Reed,38,99170
7709,James Russell,34,64306
7710,Amber Stanley,71,47510
7711,Paul Colon,16,21646
7712,Kelsey Higgins,9,49508
7713,Grace Newman,4,65197
7714,Crystal Kennedy,68,77414
7715,Robert Pitts,58,75405
7716,Mary Adams DVM,97,98188
7717,Mrs. Shannon Glass MD,65,68157
7718,James Odonnell,12,35669
7719,Anne King,85,23165
7720,David Parker,7,7542
7721,Joseph Parrish,31,91015
7722,Keith Garcia,44,86751
7723,Carly Hoover,15,42004
7724,Michele Berry,26,91747
7725,Carrie Bates,5,97240
7726,Nancy Mooney,6,89656
7727,Theresa Mathis,20,45099
7728,Corey Brown,6,41778
7729,Sandra Mack,41,46954
7730,Crystal Whitehead,22,44693
7731,Gregory Schwartz,8,4317
7732,Teresa Williams,44,74650
7733,Isaac Jefferson,26,61290
7734,Alex West,86,29137
7735,Sarah Carter,83,10615
7736,Kurt Rosales,23,8257
7737,Cynthia Wallace,17,62072
7738,Dawn Berry,31,46175
7739,Vanessa Riddle,40,94849
7740,Brittany Henderson,11,84288
7741,Christine Austin,94,8799
7742,Jeremy Avila,44,46859
7743,Brandy Estrada,24,72316
7744,Mike Wilson,6,82561
7745,Morgan Cook,75,81225
7746,Brenda Sanchez,61,69599
7747,Danielle Mitchell,87,27208
7748,Whitney Stone,49,49509
7749,Melanie Newman,74,7337
7750,Cameron Bolton,74,5740
7751,Sarah Torres,58,98065
7752,Benjamin Mathis,27,7938
7753,Christie Franklin,41,98051
7754,Jennifer Aguirre,95,92549
7755,Barbara Edwards,50,42639
7756,Alexandra Hanna,61,21723
7757,Dr. Melissa Wilson,90,41179
7758,Margaret Foley,50,73501
7759,Matthew Brandt,80,86175
7760,Tammy Parsons,61,24358
7761,Brenda Jackson,21,13548
7762,Ian Knight,31,1828
7763,Joshua Johnson,24,14319
7764,Andrew Snyder,48,3423
7765,Jared Jenkins,65,25668
7766,Shane Mckenzie,90,63967
7767,Cody Marshall,27,50991
7768,Richard Roberts,80,63903
7769,Barbara King,31,88982
7770,Jennifer Lopez,51,87996
7771,Ann Hull,58,80544
7772,Taylor Herrera,8,69070
7773,Michelle Santos,11,19402
7774,Sarah Figueroa,8,16459
7775,Gina Murphy,25,6919
7776,Roberta Hall,36,27964
7777,Kyle Kirby,83,44373
7778,Michael Powell,19,54565
7779,Rebecca Anderson,91,5761
7780,Michael Colon,32,87379
7781,Douglas Olsen,9,52436
7782,Brianna Hale,36,51568
7783,Alison Peterson,44,70851
7784,Elijah Williams,44,87605
7785,Casey Jennings,42,75454
7786,Margaret Gutierrez,19,35094
7787,Jenna Estrada,8,20299
7788,Nicholas Patel,3,52223
7789,Sierra Gonzales,58,1905
7790,Kylie Walsh,67,79154
7791,Kimberly Lopez,78,59639
7792,Richard Jones,72,65148
7793,Mrs. Renee Mckee,74,43319
7794,Kristen Watson,57,51989
7795,Devon Morales,33,96822
7796,Jeffrey Osborn,90,64276
7797,Donald Glover,63,22119
7798,Ronald Tucker,59,94183
7799,Chad Berry,6,66688
7800,Christopher Miller,81,32877
7801,Victor Stevenson,91,26940
7802,Samantha Valencia,26,63287
7803,Cynthia Grant,72,74389
7804,Trevor Kelly,94,77938
7805,Kristen Clark,66,79484
7806,Paula Knight,98,62167
7807,Danielle Hernandez,57,34060
7808,William Fitzgerald,46,97430
7809,Cynthia Roberts,34,2381
7810,Bryan Martinez,31,50839
7811,Devin Miranda,76,54402
7812,Mary Spencer,91,22919
7813,James Hodges,8,61366
7814,Samantha Smith,99,45028
7815,Dalton Kennedy,18,99533
7816,Joseph Smith,51,96395
7817,Melissa Wagner,45,93013
7818,Malik Morris,25,34684
7819,Angela Hernandez,96,56458
7820,Joshua Ewing,28,83640
7821,Justin Martinez,47,65978
7822,Sarah Snyder,83,29667
7823,Robert Thomas,45,8071
7824,Steven Henderson,50,91312
7825,Sarah Jackson,79,36333
7826,Kimberly Schmidt,68,55417
7827,Sandra Anderson,33,51812
7828,Amy Johnson,98,52559
7829,Robin Cardenas,61,58147
7830,Ricardo Barnes,68,73209
7831,Kaitlyn Martin,54,3487
7832,Jessica Foster,70,59494
7833,Terrence Bates,30,73584
7834,Brian Christensen,55,72642
7835,Donald Juarez,32,68093
7836,Wesley Diaz,35,83445
7837,Gabriel Fletcher,65,9519
7838,Amanda Hudson,78,87034
7839,William Mason,42,24623
7840,Brad Preston,13,6584
7841,Joshua Valencia,40,69277
7842,Angel Clark,59,90680
7843,Kenneth Crawford,2,24601
7844,Sarah Jones,70,52078
7845,Jennifer Colon,60,56279
7846,Aimee Green,37,21721
7847,Eric Heath,53,67679
7848,Juan Marshall,45,34264
7849,Carlos Friedman,21,59750
7850,Tyler Grant,75,42927
7851,Stephanie Dominguez,77,72952
7852,Becky King,13,78914
7853,David Church,51,25639
7854,Shannon Gaines,92,23333
7855,Damon Stevens,65,7824
7856,Jessica Mcguire,6,55773
7857,Sean Powell,48,69735
7858,Gregory Byrd,91,81384
7859,Antonio Moore,73,33250
7860,Theresa Mcdonald,35,24007
7861,Jermaine Gonzalez,36,28773
7862,Calvin Keller,1,90961
7863,Linda Jones,61,94295
7864,Jordan Ramirez,85,62264
7865,Nicole Floyd,61,72790
7866,Cathy Valenzuela,73,13625
7867,Kenneth Lopez,76,16103
7868,Miss Jaime Meyer,32,26860
7869,Jeffrey Oneill,93,73194
7870,Chad Powers,20,11007
7871,Curtis Dean,10,4176
7872,Anna Powers,54,25007
7873,Kristi Reid,17,40477
7874,Jordan Miller,54,55533
7875,Michael Scott,30,54368
7876,Elizabeth Lopez,95,24604
7877,Robert Ellis,19,98847
7878,David Vega,74,74555
7879,Randall Dyer,31,5012
7880,Jesse Davis,99,98986
7881,Susan Allen,68,74246
7882,Jeffery Anderson,64,30046
7883,Taylor Hunter DVM,31,15129
7884,Tammy Hale,70,93976
7885,Logan Martinez,94,43148
7886,Amy Brown,49,22243
7887,Julie Wells,97,5317
7888,Mary Duran,35,37299
7889,Jonathan Stewart,59,65112
7890,Alexis Rollins,12,46688
7891,Richard Smith,30,30646
7892,Meghan Leon,13,27837
7893,Mary Hernandez,35,45832
7894,David Galvan,20,77729
7895,Richard Olsen,34,43001
7896,Jacob Miller,9,5575
7897,Lori Beltran,41,43185
7898,Ashley Phillips,7,18364
7899,Jennifer Macdonald,64,28791
7900,Melissa Wright,87,86380
7901,Kyle Barnes,34,19247
7902,Gabrielle Lopez,44,41229
7903,Brian French,89,21943
7904,Stephen Schultz,35,13996
7905,Karen Morton,19,49801
7906,Jermaine Jones,93,22280
7907,Bryan Randolph,61,58144
7908,Lydia Anderson,16,52463
7909,Deborah Williams,32,55749
7910,Douglas Macias,89,97267
7911,Mr. Connor Baker,59,45832
7912,Brandon Moore,12,34830
7913,Yvette Thompson,29,45744
7914,Justin Cross,51,68724
7915,Joseph King,89,15101
7916,Philip Mercado,6,69917
7917,Brandon Owen,95,12844
7918,Valerie Valentine,94,12749
7919,Abigail Jimenez,30,48642
7920,Brian Edwards,23,73347
7921,Breanna Payne,83,52219
7922,Mrs. Melissa Williams,26,60334
7923,Sharon Edwards,78,58377
7924,Megan Wagner,36,48867
7925,Michael Mclaughlin,42,55891
7926,Amy Gilmore,92,69144
7927,Robert Coleman,10,40868
7928,Joshua Hall,20,55432
7929,Brenda Martin,77,27324
7930,Nicole Campbell,1,73221
7931,Megan Barron,67,82345
7932,Kevin Johnson,13,5838
7933,Sheryl Harrison,31,31752
7934,Mackenzie Harris,78,78455
7935,Edwin Carpenter,35,37619
7936,Christopher Edwards,62,25144
7937,Toni Murphy,53,12450
7938,Deanna Fisher,12,68499
7939,Jason Hobbs,30,32747
7940,Miss Tammy Bush,23,41208
7941,Lisa Jones,33,67309
7942,Michelle Pierce,9,13074
7943,John Mckinney,47,14310
7944,Barbara Curry,39,17106
7945,Leah Martinez,47,1069
7946,Brian Bowman,93,16846
7947,Nicole Singh,15,58370
7948,Jacob Jones,55,76673
7949,Amy Williams,1,26744
7950,Daniel Tyler,31,96708
7951,Stephanie Baker,76,97238
7952,Amanda Cobb,23,36910
7953,Carol Cooper,23,90599
7954,Amy Walters,34,26472
7955,Andrew Lam,6,60756
7956,Johnathan Morton,92,82903
7957,James Goodwin,28,12970
7958,Jason Bradley,97,50599
7959,Manuel Richardson,88,51054
7960,Jennifer Bennett,16,35018
7961,Brian Rivera,42,45108
7962,Christopher Hill,33,2385
7963,Charles Williams,60,64377
7964,Timothy Williams,80,87889
7965,Michelle Jones,26,89703
7966,Brian Brewer,95,60437
7967,Manuel Burke,62,45294
7968,Brian Mcdonald,48,65526
7969,Daniel Johnson,63,75356
7970,Michael Jordan,8,57446
7971,Renee Clark,30,55138
7972,Connor Tanner,65,59152
7973,Rodney Berry,40,50617
7974,Cindy Nunez,2,80159
7975,Timothy Hall,90,60136
7976,Austin Rodriguez,78,79520
7977,Amy Gardner,92,84924
7978,William Miranda,67,40253
7979,Frank Gregory,40,53709
7980,Ann Hernandez,17,8130
7981,Joseph Guerra,92,7055
7982,Lisa Perez,9,40310
7983,Nancy Harris,16,7516
7984,Jessica Johnson,51,25722
7985,Charles Gomez,6,17029
7986,Sandy Moore,61,43872
7987,Patricia Lucas,90,83441
7988,Michael Owens,27,75746
7989,Christina Miller,93,61898
7990,Ryan Peters,13,99034
7991,Martin Owens,18,95515
7992,Jodi Greene,14,98551
7993,Courtney Rivera,68,39806
7994,Lauren Steele,54,10123
7995,Cassandra Jimenez,6,5845
7996,Kimberly Short,34,1264
7997,Gloria Gilbert,94,42449
7998,Kaylee Bryan,22,27955
7999,George Pearson,41,93931
8000,John Bennett,95,47916
8001,John Ruiz,68,44915
8002,Chelsea Griffin,87,73745
8003,Sheila Wyatt,49,88655
8004,Valerie Wood,1,80162
8005,Amy Lam,30,56372
8006,Pamela Diaz,49,18207
8007,Michael Daugherty,77,5466
8008,Michael Stafford,67,31021
8009,William Scott,28,33456
8010,Michael Harding,100,86753
8011,Alexis Butler,51,60064
8012,Lori Calderon,47,12770
8013,Daniel Giles,91,11051
8014,Danielle Cruz,88,73933
8015,Lindsay Romero,47,9733
8016,Paul Nelson,94,22948
8017,Paula Carpenter,23,37931
8018,Kenneth Wright,75,56767
8019,Kimberly Singh,40,21175
8020,Matthew Perry,33,96951
8021,Timothy Smith,35,81512
8022,Yvette Hill,73,73834
8023,Kevin Raymond,99,44477
8024,Anthony Wilcox,82,58934
8025,Bryan Williams,9,8914
8026,Ian Mcintosh,61,81181
8027,Olivia Green,28,54095
8028,Kayla Johnson,11,91575
8029,Monica Lester MD,94,43665
8030,Samantha Kelley,25,12063
8031,John Barron,83,94423
8032,Annette Carter,53,66422
8033,Sheryl Allen,1,95634
8034,Victoria Gay,76,97858
8035,Brandy Mercer,91,19054
8036,Monica Joseph,59,30015
8037,Samuel Simmons,13,54724
8038,Diane Hoffman,64,91087
8039,Julie Taylor,98,42421
8040,Michelle Ruiz,45,77231
8041,Edgar Warner,16,21015
8042,Crystal Wang,69,88490
8043,Robert Olson,88,25998
8044,Angela Hall,6,99752
8045,Brittany Reese,34,24357
8046,Mark Parks,88,46132
8047,Julia Rivera,52,23761
8048,Hailey Perez,68,94166
8049,Rebecca Ruiz,14,81437
8050,Christopher Chandler,87,9328
8051,Mark Smith,78,86671
8052,Christina Carr,88,29738
8053,Tasha Johnson,91,4985
8054,Toni Gilbert,81,25428
8055,Peter Lopez,83,1835
8056,Erica Wilson,5,64188
8057,Kristen Oconnor,32,74509
8058,Michael Hampton,68,25582
8059,Lee Moreno,34,60841
8060,Brent Morton II,90,55704
8061,Edward Schultz,39,11018
8062,Courtney Baker,4,71860
8063,Nicholas Combs,21,3183
8064,Victoria Nguyen,20,68383
8065,Brian Jones,27,91084
8066,Christopher Wood,100,53071
8067,Shawna Morgan,11,65904
8068,Erika Morgan MD,97,13659
8069,Amy Roberts,100,56121
8070,George Duke,75,62489
8071,Michael Parrish,27,81895
8072,Cheryl Pruitt,18,94919
8073,Jennifer Hunter,11,92091
8074,Lauren Irwin,25,78633
8075,Heather Zuniga,15,69872
8076,Teresa Cole,56,5168
8077,Austin Joseph,29,93026
8078,Peter Murray,46,18111
8079,Daniel Allen,64,10936
8080,Tracy Stone,24,41748
8081,Margaret Rodriguez,41,42036
8082,Gene Conley,93,35827
8083,Melissa Taylor,83,69407
8084,Ms. Amanda Scott,100,43078
8085,Brenda Morse,12,5143
8086,Nicholas Jones,10,92195
8087,Michelle Martin,88,66408
8088,Chloe Hayes,13,71433
8089,Anne French,60,4329
8090,William Bailey,13,38063
8091,William Anderson,51,70337
8092,Tiffany Thomas,77,78071
8093,Miss Carrie Smith,15,93869
8094,Margaret Myers,7,24024
8095,Eric Holt,80,28372
8096,Susan Fletcher,4,90722
8097,Dr. Kathryn Stephenson DVM,32,11912
8098,Jermaine Bishop,58,58793
8099,Robert Sharp,60,15814
8100,Vernon Powell,77,35548
8101,Barbara Wilson,20,43251
8102,Roy Cruz,60,55377
8103,Brittney Moreno,32,13456
8104,Robert Castillo,59,6113
8105,Gregory Hess,28,55117
8106,Dawn Fritz,26,81961
8107,Shannon Walter,35,30389
8108,Katherine Carter,24,84132
8109,Michele Lynn,15,26835
8110,Brandon Gonzales,46,36048
8111,Jerry Thomas,50,73035
8112,Jessica Herrera,82,44486
8113,Taylor Butler,67,30040
8114,Daniel Gordon,58,56435
8115,Laurie Washington,15,86871
8116,Brian Larson,59,59934
8117,Paul Allen,70,73787
8118,Kayla Sutton,39,45159
8119,Robert Castillo,50,14342
8120,Jacqueline Lopez,92,78010
8121,Jessica Reeves,38,37377
8122,Samantha Best,90,31866
8123,Jose Coffey,66,91488
8124,Richard Pena,24,7306
8125,Greg Lee,93,51331
8126,Ian Harris,47,12654
8127,Jason Hanson,8,17258
8128,David Walker,2,18015
8129,Brandon Kent,48,90837
8130,Glenda Anderson,66,18162
8131,Edward Friedman,10,55731
8132,Nicole Murillo,65,17929
8133,Julie Middleton,83,33560
8134,Alexis Singh,47,52192
8135,Wendy West,72,4333
8136,Anthony Wilson,79,43059
8137,Joel Hayes,39,71798
8138,John Tate,46,93951
8139,Michelle Morris,71,59404
8140,Laura Clark,54,32255
8141,Megan Jones,41,90691
8142,Yolanda Rivera,8,39090
8143,Amanda Wright,25,2034
8144,Cheryl Clayton,31,78058
8145,Janet Macias,12,38322
8146,Jose Anderson,83,66382
8147,Michael Beasley,74,32560
8148,Melissa Anderson,45,54207
8149,Matthew Rodriguez,16,91891
8150,Jennifer Franklin,32,25893
8151,Jenny Garcia DDS,11,46319
8152,Samantha Boyd,56,73520
8153,David Bauer,31,55452
8154,Lauren Vang,54,75470
8155,Jeffrey Roman,97,6345
8156,Ryan Nelson,55,21474
8157,Amanda Morales,19,48296
8158,Logan Mccann,66,56842
8159,Mandy Lucas,58,49597
8160,Patricia Nelson,24,60217
8161,Emma Nguyen PhD,34,96906
8162,John Woods,47,46172
8163,Teresa Cohen,35,77925
8164,Juan Burgess,36,39202
8165,Brandon Woodard,57,33636
8166,Steven Bradley,20,18349
8167,Matthew Jones,32,92627
8168,Robert Watson,20,44505
8169,Ronald Singh,27,90593
8170,Karen Thomas,37,30538
8171,Samantha Ballard,5,88753
8172,Jason Reilly,49,72756
8173,Anthony Warren,17,62687
8174,Nathan Nicholson,82,77170
8175,Scott Diaz,30,82740
8176,Kenneth Mullins,64,37658
8177,Isaiah Gonzales,77,67991
8178,Jeffrey Bernard,86,68830
8179,Sandra Brown,69,68654
8180,Mike Acosta,96,13790
8181,Steven Trujillo,56,29654
8182,Emily Frazier,17,67440
8183,Randall Nelson,53,48595
8184,Tanya Vasquez,71,15397
8185,Frances Jackson,55,5778
8186,Danny Davis,11,36039
8187,Kirk Hill,50,39448
8188,James Moon,82,59907
8189,Mrs. Lindsay Johnson,55,77875
8190,Timothy Sosa,31,55295
8191,Jeffrey Stein,67,41575
8192,Scott Hicks,73,20529
8193,Michael Lutz,73,50316
8194,Antonio Williams,83,66163
8195,Jasmine Patrick,34,90002
8196,Jack Clark,34,64326
8197,Danny Harris,37,65037
8198,Robert Porter,48,78682
8199,Timothy Richardson,69,49553
8200,Kevin Ellis,50,47786
8201,Jason Smith,31,28853
8202,Jeremy Rich,59,13636
8203,David Booth,63,85650
8204,Thomas Lewis,41,3019
8205,Brian Smith,17,18237
8206,Katrina Watts,18,41841
8207,Sandra Brown,20,32478
8208,Jeanne King,67,39833
8209,Michele Franklin,2,51390
8210,Sandra Sanchez,36,62527
8211,Richard Foster,88,85817
8212,Matthew Pena,68,38299
8213,Patrick Ingram,4,49105
8214,Bradley Gordon,10,16025
8215,Betty Hodge,90,20900
8216,Brandon Hall,24,4445
8217,Linda Novak,32,77375
8218,Raymond Parker,65,70711
8219,Shelly Williams,98,45254
8220,Troy Hopkins,13,37716
8221,Donna Shelton,87,15999
8222,Samantha Allen,34,54002
8223,Kimberly Silva,62,12824
8224,Amanda Johnson,14,7349
8225,Kimberly Butler,31,38473
8226,Janet Weber,44,8003
8227,Matthew Martin Jr.,94,90282
8228,Lori Castaneda,93,38570
8229,Adam Weeks,29,78080
8230,Corey Burns,62,44142
8231,Dawn Larson,75,80098
8232,Wyatt Ward,59,69250
8233,Michelle Sparks,35,68174
8234,Matthew Villanueva,46,41771
8235,Jose Chambers,80,15836
8236,Crystal Ward,57,92310
8237,Elizabeth Williams,84,21647
8238,William Brewer,4,61125
8239,Joshua Adams,63,90438
8240,Eric Williams,35,15024
8241,Christopher Hansen,22,53283
8242,Whitney Owen,52,50576
8243,Bryan Smith,28,59842
8244,Maria Ortiz,46,8028
8245,Natasha Santos,64,49204
8246,David Garrett,30,3006
8247,Jason Harding,16,2386
8248,Lori Strickland,8,85290
8249,Megan Hernandez,81,90375
8250,Christine Mcclain,57,91303
8251,Shane Dixon,80,18446
8252,Karen Nelson,93,45490
8253,Amanda Rodriguez,65,9150
8254,Jose Hester,54,40924
8255,Elizabeth Clark,23,62058
8256,Elizabeth Simmons,13,3241
8257,Melissa Porter,35,51163
8258,James Rogers,6,70258
8259,Timothy Wallace,16,2239
8260,Kristen Reyes,69,8064
8261,Peter Mann,86,58454
8262,Jeffrey Thompson,13,98245
8263,Kara Dyer,92,86802
8264,Heidi Norman DDS,91,89431
8265,Katrina Flores,18,3403
8266,Joshua Taylor,16,84204
8267,Sarah Roberts,71,24263
8268,Erica Brooks,36,11075
8269,Nicole Moody,14,90670
8270,Alexis Mason,78,19813
8271,Valerie Vazquez,2,39680
8272,Shawn Caldwell,75,67696
8273,Michael Hartman,71,96654
8274,Kelly Fernandez,85,90372
8275,Caleb Stevenson,74,25964
8276,Jonathan Lloyd,26,33376
8277,Vernon Aguilar,70,64623
8278,Matthew Brown,53,52066
8279,Garrett Smith,68,68959
8280,Jeffrey Johnson,89,81142
8281,Charles Cohen,48,42709
8282,Julie Stein,51,94765
8283,Dana Woodard,100,59628
8284,Clayton Carey,83,26725
8285,Lawrence Scott,25,70108
8286,Rachel Hanna,90,66275
8287,Jennifer Blankenship,5,82501
8288,Richard Shelton,100,6105
8289,Danielle White,11,20721
8290,Sara Hoffman,62,93983
8291,Susan Moore,14,79841
8292,Justin Thompson,15,23744
8293,Daniel Neal,55,66138
8294,Ellen Elliott,6,74928
8295,Stephen Perez,41,5792
8296,Jeffrey Williams,50,69775
8297,Kylie Jones,54,37406
8298,James Fleming,35,70730
8299,Emily Moran,83,87512
8300,Edward Greene,58,56753
8301,Anthony Hatfield,37,69911
8302,Jennifer Johnson,95,54275
8303,Devin Singleton,48,85476
8304,Peter West,17,20799
8305,Mr. Kevin Jenkins,91,90349
8306,Aaron Randall,48,52118
8307,Frank Miller,76,48397
8308,Karen Walker DDS,85,7575
8309,Fred Vincent,35,59779
8310,Brandon Horn,48,40652
8311,Morgan Smith,11,79076
8312,Mrs. Brianna Smith,72,94376
8313,Jennifer Johnson,11,73636
8314,Aaron Stanley,92,72711
8315,Carlos Simmons,63,65482
8316,Thomas Jensen,81,29038
8317,Daniel Parker,56,85550
8318,Brandi Boyd,6,45888
8319,Christopher Warner,78,78517
8320,Kevin Thompson,28,95260
8321,Justin Church,25,78553
8322,Jill Spencer,83,86058
8323,Dana Huff,29,51434
8324,Patrick Guzman,61,11217
8325,Courtney Phillips,60,31384
8326,Gregory Welch,15,58881
8327,Lisa Mitchell,64,7591
8328,John Bryant,51,9444
8329,Colton Durham,64,85647
8330,Samantha Mcdonald,87,19944
8331,Craig Lopez,3,48148
8332,Elizabeth Graham,63,50769
8333,Timothy Skinner,26,42492
8334,Amanda Bright,44,68249
8335,Melissa Francis,76,26774
8336,Joshua Morse,74,64231
8337,Kevin Burgess,31,97851
8338,Charles Chambers,77,99308
8339,Colton Stanley,34,58470
8340,Jason Ryan,45,65059
8341,Tara Chen,42,93895
8342,Antonio Duncan,73,81904
8343,Tony Hopkins,34,23003
8344,Juan King,10,66368
8345,Patricia Anderson,53,19232
8346,Katie King MD,38,44873
8347,Lisa Black,3,62449
8348,Mr. Dustin Smith,53,48151
8349,Barbara Thomas,12,98871
8350,Melissa Smith,38,86128
8351,Taylor Crawford,43,88674
8352,Susan Dodson,53,45579
8353,Tiffany Mann,19,12286
8354,Michael Spencer,40,46008
8355,Justin Lee,46,40210
8356,Jordan Brock,38,12130
8357,James Martin,79,54509
8358,James Fischer,32,92641
8359,Claudia Huffman,98,21422
8360,Sarah Boyle,21,89446
8361,Sheryl Hood,58,1656
8362,Desiree Martinez MD,13,78216
8363,David Goodman,58,40251
8364,Sean Murphy,25,77823
8365,Mr. Ruben Murphy,18,50749
8366,Adam Perez,59,62464
8367,Matthew Hudson,15,53930
8368,Hannah Owens,44,33276
8369,Teresa Vazquez,28,28817
8370,Eric Murphy,41,68675
8371,Tristan Weaver,50,87957
8372,Kaylee Higgins,20,67680
8373,Natalie White,85,35482
8374,Michael Dixon,27,57860
8375,James Howard,42,5725
8376,Ricky Suarez,86,13619
8377,Stephanie Hunter,84,62159
8378,Timothy Robinson DVM,49,86877
8379,Ryan Fernandez,86,33680
8380,Nicole Ayers,55,13724
8381,Michelle Flynn,78,26299
8382,Sarah Chapman,57,8311
8383,Chad Le,93,41693
8384,Katherine Mitchell,63,30294
8385,Ashley Chen,75,29789
8386,Mark Andrews,37,72236
8387,David Waters,87,16895
8388,Patrick Thomas,2,62615
8389,John Jones,62,28484
8390,Sarah Lopez,27,41983
8391,Daniel Lamb,21,14537
8392,Matthew Castro,14,84565
8393,Heather Ryan,38,61481
8394,Allison Morales,36,20048
8395,Edward Hudson,72,34359
8396,Joshua Swanson,52,99171
8397,Lorraine Molina,39,38180
8398,Brian Mason,54,9786
8399,Jason Hunter,32,7652
8400,Mary Mayer DDS,100,40095
8401,Craig Ramirez,97,25657
8402,Linda Peterson,26,86835
8403,David Garcia,91,88441
8404,Michelle Evans,77,80842
8405,Justin Perkins,34,84382
8406,Zachary Nash,55,74165
8407,Colleen Hernandez,78,41127
8408,Jeanette Henry,69,94226
8409,Miss Evelyn Duran,53,61209
8410,Tiffany Giles MD,51,84684
8411,Tara Steele,81,39143
8412,Kimberly Mckenzie,47,98266
8413,Steven Smith,71,30072
8414,Jill Barnes,76,35997
8415,William Young,81,49553
8416,Ernest Smith,46,9272
8417,Debra Hardin,9,11531
8418,Levi Briggs,12,95432
8419,Tiffany Torres,44,49498
8420,Wayne Douglas,64,46494
8421,Jamie Cunningham,36,25452
8422,Beverly Carroll,51,48205
8423,Christopher Newman,7,21023
8424,Krystal Brown,81,90532
8425,Stephanie Stark,70,25624
8426,Jonathan Simmons,85,92268
8427,Timothy Bass,64,8909
8428,Raymond Vang,27,27413
8429,Ann Flores,55,50757
8430,Crystal Barnett,38,86708
8431,Pamela Parker,95,36453
8432,Melissa Peters,61,89135
8433,Patrick Rollins,14,47937
8434,Gabriel Johnson,66,18803
8435,Victoria Harris,69,10755
8436,Frank Dixon,61,73477
8437,Mary Coleman,97,42536
8438,Amanda Porter,66,99328
8439,Adam Silva,67,91198
8440,Rachael Gillespie,27,76694
8441,Jennifer Mitchell,54,58923
8442,Caleb Cole MD,10,12829
8443,Jodi Baker,14,43339
8444,Sheila Jarvis,1,20413
8445,Eric Martin,54,51044
8446,Karen White,12,51657
8447,Travis Bailey,90,4887
8448,Zachary Duncan,87,12978
8449,Brittany Murray,83,71893
8450,Louis Ball,18,38726
8451,William Willis,60,81071
8452,Joseph Bridges,91,48230
8453,Anita Holland,86,6145
8454,Carol Roberts,56,95023
8455,Charlene Williams,96,33134
8456,Emily Hill,4,92713
8457,Monica Vega,93,18728
8458,Beth Koch,70,61005
8459,Andrew Fleming,97,78596
8460,Jessica Nguyen,35,1033
8461,Donna Brown,83,68988
8462,David Stone,38,90178
8463,Julie Leblanc,98,98114
8464,Douglas Hardin,84,10776
8465,Alison Bruce,52,91702
8466,Maurice House,96,2211
8467,Shannon Stevens,49,60217
8468,James Simmons III,12,93063
8469,Luke Bond,53,86486
8470,Alexander Mason,92,6028
8471,Cindy Hernandez,20,29279
8472,John Lee,17,53426
8473,Douglas Martin,90,78290
8474,Dana Hampton,18,7300
8475,Jennifer Cardenas,40,76957
8476,Mr. Michael Garcia,95,42319
8477,Johnathan Green,7,85390
8478,Christopher Hudson,53,20759
8479,Pamela Pruitt,45,73495
8480,Laura Davis,9,74690
8481,Tanya King,66,82319
8482,Raymond Blake DDS,94,82528
8483,Sara Ramsey,67,67159
8484,Frances Duncan,61,25975
8485,Victoria Hayes,36,60351
8486,Sharon Ferguson,35,45673
8487,Jonathan Taylor,61,45546
8488,David Liu,40,25961
8489,Jim Edwards,51,5304
8490,Brandi Alexander,91,49674
8491,Christopher Reyes,95,72345
8492,Brett Taylor,92,24371
8493,Jean Cooper,60,43935
8494,Richard Nolan,24,40155
8495,David Turner,19,98272
8496,Dana Stevens,34,24658
8497,Douglas Rodriguez,39,18615
8498,Clifford Hutchinson,67,21628
8499,Mary Spears,9,61158
8500,Jason Figueroa,56,51217
8501,Cindy Reid,46,15616
8502,Michael Hayes,34,32175
8503,Melissa Roach,6,36004
8504,Amanda Mcdonald,25,28043
8505,Sean Adams,6,34258
8506,Justin Kim,80,66627
8507,Regina Beltran,66,85420
8508,George Anderson,35,8416
8509,Ashley Mccarthy,51,27926
8510,Caitlin Brooks,24,48505
8511,Victoria Fowler,44,47978
8512,Rachel Cobb,64,70953
8513,Douglas Brown,62,47923
8514,Dana Wagner,95,43231
8515,Nicole Jackson,51,16677
8516,Erin Atkinson,53,66021
8517,Robert Paul,98,37785
8518,Misty Duffy,9,21334
8519,Ashley Ryan,93,68206
8520,Pamela Long,24,67103
8521,Kelly Martin,43,60410
8522,Candice Long,16,71227
8523,Kim Wilson,67,75605
8524,Mackenzie Beltran,13,51821
8525,Megan Parker,90,37728
8526,Hannah Marshall,38,56695
8527,James Mcguire,83,24531
8528,Benjamin Rogers,34,58561
8529,Zachary Walters,25,72674
8530,Tara May,36,39725
8531,David Rivera,44,68431
8532,Joseph Drake,66,41972
8533,Christopher Cruz,57,33183
8534,James Morrison,76,87864
8535,Brandy Cooper,96,19923
8536,Carolyn Lewis,34,92771
8537,Jeremy Watts,37,86488
8538,Steven Valdez,73,88111
8539,Marissa Parks,71,94819
8540,Eugene Randall,59,80906
8541,Dana Mathis,19,50270
8542,Brittany Morris,68,14136
8543,Susan Thomas,71,91017
8544,Mark Ware,67,87273
8545,Dennis Jones,22,70391
8546,Jacob Haas,13,51200
8547,Brian Crawford,91,32574
8548,George Russell,12,54596
8549,Nicholas Hernandez,90,68344
8550,Michael Romero,77,28096
8551,Destiny Kennedy,6,17786
8552,Christopher Williams,56,67734
8553,Mark Hill,98,28364
8554,Jose Ward,25,12963
8555,Frank Reese,11,15704
8556,Curtis Obrien,70,8887
8557,Haley Gomez,85,26067
8558,Jaime Perkins,38,83643
8559,James Roth,71,5422
8560,Kevin Cooper,96,22285
8561,Ryan Mendoza,74,54506
8562,Carl Perez,11,85239
8563,Amy Gordon,35,31142
8564,Carlos Acevedo,82,36819
8565,Christina Chavez,41,44101
8566,Catherine Ho,11,52381
8567,Mr. David Carlson MD,20,98917
8568,Sabrina King,18,88589
8569,Julie Smith,28,74168
8570,Clayton Day,96,36738
8571,Benjamin Hunter,88,37693
8572,Kevin Hubbard,41,30767
8573,Craig Robertson,46,54617
8574,Carolyn Clayton,7,68190
8575,Taylor Hernandez,67,74260
8576,Mary Johnson,71,65614
8577,Rachel Gonzalez,42,56004
8578,Sergio Robertson,25,15474
8579,Taylor West,44,76672
8580,Ryan Payne,28,37444
8581,Clifford Fernandez,71,35921
8582,Timothy Snyder,99,33301
8583,Steven Francis,15,85470
8584,Nicole Patterson,87,99892
8585,Jose Williams,97,23028
8586,Amy Byrd,64,40979
8587,Rodney Castillo,99,61649
8588,Larry Garcia,69,1376
8589,Sheila Wheeler,51,62022
8590,Kerri Cook,74,89155
8591,Emma Yates,95,7653
8592,Nicole Coleman,25,67378
8593,Marcus Bass,82,56582
8594,Daniel Buchanan,29,81089
8595,Jessica Martinez,89,77650
8596,Alfred Hubbard,91,91484
8597,Karen Downs,37,22495
8598,Sarah Adams,27,50097
8599,Nathan Walters,93,50107
8600,Anthony Bell,43,84408
8601,Mary Dawson,31,78935
8602,Ronald Washington,57,33251
8603,Maria Robinson MD,9,24295
8604,Eric Williams,10,32453
8605,Christian Hernandez,81,53867
8606,Adam Neal,60,78846
8607,Hannah Francis,48,46155
8608,Meghan Jones,63,18654
8609,Frances Huffman,73,57116
8610,Brandi Ruiz,98,60970
8611,Joseph Mcguire,44,77966
8612,Alec Cook,86,33319
8613,Charles Collier,52,93957
8614,William Andersen,50,23565
8615,Matthew Malone,38,37735
8616,Tara Davis,73,1696
8617,Robert Liu,2,6005
8618,Bryan Collins,16,5105
8619,Timothy Rogers,100,73584
8620,David Li,24,62914
8621,Amy Mack,29,79218
8622,Jessica Parker,63,23956
8623,Janice Meyer,70,50404
8624,Kristen French,5,19101
8625,Renee Grant,40,1081
8626,Ms. Victoria Fleming,92,71104
8627,Timothy Davis,25,70673
8628,Pamela Lee,5,67401
8629,Brian Wise,5,21589
8630,James Wolf,96,50801
8631,Ashley Rodriguez,13,64392
8632,Nicole Harris,21,26523
8633,Amy Perry,7,12858
8634,Tamara Harmon,61,51554
8635,Amy Patel,47,38649
8636,Karen Collins,56,82617
8637,Charles Brown,47,98649
8638,Amy Williams,68,72255
8639,Bradley Harris,14,40095
8640,Kimberly Green,30,90607
8641,Zachary Montoya,58,56803
8642,Amber Bass,5,90907
8643,Paul Stevens,4,9513
8644,Pamela Young,49,50567
8645,Denise Barnes,8,94895
8646,David Robinson,33,28610
8647,Anthony Lucas,6,61702
8648,Laura Owen,8,60496
8649,Kristi Lester,33,10419
8650,Margaret Padilla,46,50470
8651,Lisa Smith,80,88387
8652,Robert Atkinson,32,94415
8653,Melinda Johnson,98,84907
8654,Russell Lopez,55,91665
8655,Eric Martin,56,30760
8656,Lauren Johnson,92,69406
8657,Janet Martin,59,88821
8658,Richard Reid,19,18448
8659,Debra Vazquez,35,79818
8660,Emily Brown,74,93263
8661,Daniel Holder,34,2088
8662,Sarah Walter,39,96009
8663,Felicia Henry,5,36462
8664,Dakota Morris,75,70086
8665,Bailey Cruz,20,30804
8666,Annette Walker,13,58630
8667,Monica Jones,65,61316
8668,David Hayes,67,58577
8669,Heather Kemp,7,22106
8670,Linda Gonzalez,86,47749
8671,Brittney Floyd,79,14441
8672,Terri Leonard,38,62282
8673,Carly Jennings,61,78630
8674,Michael Medina,84,5186
8675,Kimberly Osborne,97,89701
8676,Brent Rice,69,28667
8677,Angela Wallace,76,93551
8678,Kevin Yates,84,54696
8679,Ryan Thomas,16,76999
8680,Jason Wallace,11,93176
8681,Paul Hernandez,40,13423
8682,Karen Powers,10,16151
8683,Brittany Harrell,22,34721
8684,Mary Yates,70,44413
8685,Julie Stanton,28,27608
8686,Matthew Meyers,89,84943
8687,Mr. Cody Clements,41,95355
8688,Diana Durham,30,23244
8689,Tony Hammond,78,50786
8690,Robert Jones,54,45930
8691,Erik Weaver,67,34273
8692,Olivia Stanton,19,94351
8693,Justin Patel,37,26312
8694,Anthony Collins,97,12793
8695,Spencer Solis,60,51772
8696,Michele Scott,32,28790
8697,William Henderson,58,97969
8698,Kevin Wilson,32,24478
8699,Anthony Wright,87,11602
8700,Denise Peterson,94,95450
8701,Shawna Webb,71,28993
8702,Danielle Tucker,86,90061
8703,Jeremy Wallace,29,65553
8704,Tina Patel,46,37188
8705,Michelle Carlson,99,18925
8706,Lisa Rodriguez,18,50561
8707,Deanna Becker,25,81424
8708,Heather Greene DVM,82,57355
8709,Laura Russo,99,23400
8710,Sarah Perez,61,23701
8711,Ronald Chavez,2,37493
8712,James Baker,48,56425
8713,Renee Moran,79,60716
8714,Elaine Howard,88,82502
8715,Dennis Carrillo,87,92583
8716,Randy Pratt,10,37096
8717,Danielle Wheeler,60,42839
8718,Laura Garcia MD,95,80982
8719,Derek Lynch,46,48845
8720,Kevin Garcia,96,57718
8721,Joanne Tapia,15,46771
8722,Jamie White,33,71630
8723,Dawn Miller,62,81445
8724,Beth Lopez,51,77478
8725,Deanna Jackson,76,25098
8726,Larry Peterson,42,51107
8727,Todd Tyler,7,7435
8728,Elizabeth Villarreal,59,43474
8729,Kimberly Brady,54,11196
8730,Christopher Mcdonald,5,27277
8731,Jennifer Duncan,12,85602
8732,Thomas Foster,9,67916
8733,Heidi Turner,61,86345
8734,Jennifer Bowers,31,49938
8735,Ryan Miller,83,2011
8736,Chris Ryan,89,54143
8737,John Stewart,79,61714
8738,Joshua Vargas,70,14852
8739,Sara Baker,10,67991
8740,James White,8,98270
8741,Jeanne Hubbard,96,47827
8742,Sheri Clay,18,72888
8743,Jenna Velasquez,90,66112
8744,Mark Warren,24,12417
8745,Kimberly Harrison,8,93796
8746,Jasmine Young,27,8278
8747,Shannon Anthony,41,31696
8748,Kimberly Hale,58,7682
8749,Danielle Holden,20,86420
8750,Joseph Sherman,83,77267
8751,Bobby Hunter,95,28732
8752,Omar Martin,20,36917
8753,Alexander Weber,43,85346
8754,Logan Morris,26,51881
8755,Connor Duarte,53,90887
8756,Mrs. Rebecca Perez,74,19246
8757,Mr. Joshua Marshall,60,48221
8758,Paula Thomas,85,30481
8759,Jordan Rhodes,79,97603
8760,Brendan Gillespie,60,77045
8761,Edward Boyd,80,61630
8762,William Buck,59,37731
8763,Richard Craig,77,72038
8764,Kristen Cameron,40,86708
8765,Patricia Allen,25,19500
8766,Sarah Hammond,70,13734
8767,Cynthia Mcdaniel,12,99611
8768,John Sanchez,92,44708
8769,Taylor Armstrong,71,38110
8770,Stephanie Reynolds,49,52949
8771,Martin Davis,82,39769
8772,Daniel Fuentes,46,28964
8773,Mindy Spencer,3,7017
8774,Jordan Carter,45,58627
8775,Donna Vega,92,61696
8776,Scott Ward,76,14196
8777,Ms. Michelle Knight,91,41747
8778,Andrew Howard,56,19236
8779,Andrew Rogers,81,84867
8780,Lisa Ochoa,57,15244
8781,Guy Rice,74,95501
8782,Pamela Daniels,56,81410
8783,Charles Duncan MD,48,10527
8784,Rachael Luna,65,35367
8785,Yolanda Young,70,66586
8786,Randy Hughes,61,24825
8787,Natasha Hartman,9,42080
8788,Cheyenne Soto,47,25464
8789,Joshua Atkins,33,84122
8790,Jimmy Franklin,73,1021
8791,Jill Shaffer,48,3157
8792,James Cross,98,98972
8793,Renee Porter,87,91424
8794,Joshua Thomas,14,94647
8795,Patrick Lopez,45,34850
8796,Sabrina Cook,38,29941
8797,Kevin Hurst,39,30803
8798,Amanda Hunter,58,30882
8799,Daniel Rhodes,75,9709
8800,Veronica Carr,33,80832
8801,Kristy Smith,93,27318
8802,Megan Castro,36,24914
8803,Brian Shepherd,4,53386
8804,Robert King,42,38570
8805,Joshua Wade,80,26962
8806,Regina Bartlett,33,3515
8807,Karen Fuller,94,10574
8808,Sabrina Gonzalez,5,68960
8809,Melissa Aguilar,14,29970
8810,Meredith Kelly,8,74468
8811,Jennifer Cooper,1,7106
8812,Ronald James,90,52580
8813,Andrew Taylor,56,74709
8814,Daniel Ruiz,78,29670
8815,Brandon Olson,34,54682
8816,Terry Fernandez,6,33886
8817,Dustin Hamilton,7,57578
8818,Brandon Kemp,98,85156
8819,Scott Humphrey,62,30701
8820,Charles Bailey,59,37573
8821,Steven Lane,86,79086
8822,Emily Castaneda,48,64335
8823,Danielle Robertson,14,3239
8824,Angel Cole,28,17303
8825,Brandy Hernandez,32,20579
8826,Jimmy Brown,26,89406
8827,Traci Jones,55,84844
8828,Emma White,43,21165
8829,Peter Reynolds,26,84406
8830,Kristen Schultz,44,97715
8831,Hannah Wolfe,73,99827
8832,Emily Sims,94,58167
8833,Mary Martin,18,53116
8834,Luke Dorsey,47,14679
8835,Glenn Boyle,64,16351
8836,Debra Mann,25,46602
8837,Connie Schmidt,56,93784
8838,John Johnson,23,85521
8839,Leon Fuller,32,2841
8840,Angela Mathis,36,98339
8841,Rachael Doyle,48,52482
8842,Michael Jones,95,73189
8843,William Nguyen,36,14747
8844,Annette Berry,60,21480
8845,Matthew Moss,43,12772
8846,Veronica Mcgee,6,67501
8847,Victor Greene,48,56104
8848,John Cox,1,24233
8849,April Williams,29,50985
8850,Alexander James,38,64325
8851,Mike Richardson,14,86175
8852,Yvette Torres,35,25210
8853,Wesley Barber,84,57891
8854,Samantha Lee,58,2669
8855,Rebecca Greer,54,79752
8856,Jessica Smith,13,87565
8857,Sabrina Lewis,93,37017
8858,Nicole Green,3,18417
8859,Shelley Smith,88,52898
8860,Julian Brooks,100,22702
8861,Allison Martinez,85,73046
8862,Robert Dunlap,81,71551
8863,Scott Fowler,9,89732
8864,Jesse Perez,53,89199
8865,John Mendoza,38,51406
8866,Tyler Cherry,33,31172
8867,Nicholas Yates,4,24128
8868,David Knox,46,70614
8869,Melissa Hunt,23,94440
8870,Michelle Robbins,54,23766
8871,Tammy Brooks,6,57701
8872,Deborah Myers MD,9,23593
8873,Tanya Gray,56,92172
8874,Mrs. Carrie Smith,49,66294
8875,Jill Moreno,66,79260
8876,Becky Moore,9,70813
8877,Kerri Cabrera,42,10855
8878,Carlos Martinez,4,84316
8879,Michele Jones,14,48237
8880,David Kirby,4,87608
8881,William Wallace,76,51663
8882,James Carrillo,12,42664
8883,Adam Hayes,86,22064
8884,Seth Morgan,2,3569
8885,Theresa Peterson,42,60898
8886,Mary Smith,95,7273
8887,Robert Chang,20,46072
8888,Rebecca Mclaughlin,92,91958
8889,Jennifer Mccarthy,88,64943
8890,Heather Walker,78,92891
8891,Rhonda Reid,10,41811
8892,Kathleen Romero,72,5895
8893,Sarah Waters,34,8535
8894,Shelley Edwards,54,59378
8895,Felicia Thompson,22,84045
8896,Steven Kelly,13,87346
8897,Brian Adams,45,17481
8898,Bryan Mullen,54,48271
8899,Keith Johnson,32,88076
8900,Juan Robertson,92,83491
8901,Rebecca Stewart,4,59611
8902,Matthew Jones,48,65968
8903,Carlos Mcdowell,42,8120
8904,Nicole Lee,57,87574
8905,Michael Bowen,44,24927
8906,Douglas Pierce,18,98096
8907,Katie Jenkins,37,76476
8908,Marc Barber,13,62403
8909,Stephen Franklin,7,70951
8910,Michelle Hill,49,15823
8911,Kaitlyn Garner,72,81642
8912,Morgan Kidd,2,98209
8913,Steven Lawrence,83,26367
8914,Karl Martin,4,85375
8915,Christine Choi,80,69615
8916,Rebecca Anderson,71,72729
8917,Alison Andrews,75,4418
8918,Susan Mills,13,91841
8919,Michael Shea,11,7314
8920,Isaiah Martin,55,15133
8921,Travis Hayden,68,40107
8922,Charles Baker,35,75599
8923,Bethany Odom,26,36008
8924,Cameron Mccarthy,34,88454
8925,Alyssa Roth MD,63,8722
8926,Debbie Owen,82,61074
8927,Alex Stephens,33,73845
8928,David Wallace,49,24831
8929,Melanie Moran,75,39639
8930,Jack Jones,53,4981
8931,Claudia Miller,41,22731
8932,Emma Baker,83,13321
8933,Rachel Mendoza,4,60962
8934,Bridget Diaz,99,79864
8935,Sherry Adams,40,78232
8936,John Richards,96,64205
8937,Michelle Cortez,3,35133
8938,Cody Ellis,84,59315
8939,Annette Macdonald,42,61856
8940,Adam Baker,91,7521
8941,Daniel White,78,33187
8942,Laurie Stevenson,60,60894
8943,Michael Wood,21,79048
8944,Tina Gay,54,80935
8945,Danielle Gibson,51,87335
8946,Brian Logan,12,74323
8947,Daniel Gonzalez,94,72307
8948,Justin Collins,65,99113
8949,Larry Blake,76,27172
8950,Megan Baker,25,22702
8951,Katherine Williams,78,12892
8952,Andrea Thomas,42,4985
8953,Desiree Moreno,85,96933
8954,Sean Smith,84,56477
8955,Brittany Sanchez,53,13575
8956,Elizabeth Taylor,18,86183
8957,Marcus Hurley,40,18372
8958,Christopher Vasquez,89,59615
8959,Heather Leblanc MD,5,93261
8960,Vanessa West,83,94439
8961,Zachary Sullivan,43,69521
8962,Thomas Cooper,52,89395
8963,Ronald Smith,63,35741
8964,Thomas Pearson,31,42887
8965,Brenda White,1,61200
8966,Anthony Morgan,88,91714
8967,Timothy Hernandez,63,99693
8968,Sarah Duncan,27,29203
8969,James Bond,66,78354
8970,Alyssa Bennett,45,20767
8971,Jeremy Morrison,42,91024
8972,Laura Clark,40,64200
8973,Tony Hays,82,79944
8974,Lisa Sawyer,2,15774
8975,Susan Taylor,85,61024
8976,Candice Smith,16,35660
8977,Amanda Ochoa,19,36546
8978,Isaiah Larsen,53,27450
8979,Johnny Burgess,37,42516
8980,Donna Valentine,38,17289
8981,Angel Camacho,86,28873
8982,Michelle Dixon,3,94534
8983,Donald White,41,69921
8984,Richard Cummings,55,2407
8985,Jaime Ryan,38,88702
8986,Christopher Kim,1,49482
8987,Adam Brooks,1,60566
8988,Robert Schultz,65,25737
8989,Stephanie Peterson,91,36201
8990,Kenneth Peterson,2,84771
8991,Christopher Ortiz,73,39987
8992,James Lin,5,67663
8993,Brian Gonzales MD,71,44476
8994,Amber Petersen,36,89284
8995,Dr. Deborah Hale,40,44069
8996,Alicia Delgado,22,55226
8997,George Jones,74,72083
8998,Christopher Price,5,27684
8999,Michael Powell,32,99484
9000,Danielle Price,30,37317
9001,Chad Oliver,7,6085
9002,Tracy Neal,68,48867
9003,Tina Knapp,19,72551
9004,Alyssa Douglas,50,29264
9005,Michael Fletcher,44,75965
9006,Amanda Hall,14,65004
9007,Rachael Campbell,64,87636
9008,Lindsey Murphy,85,69954
9009,Amber Meadows,26,30234
9010,Bernard Cain,10,44524
9011,Erin Miller,14,56850
9012,Alyssa Vaughn,31,70898
9013,Wendy West,68,48197
9014,Timothy Hanson,86,39025
9015,George Phillips,25,40386
9016,David Bruce,35,11588
9017,Nicole Hanna,28,61725
9018,Jessica Blevins,88,23445
9019,Carmen Delgado,45,71044
9020,Susan English,41,78430
9021,Kenneth Mullins,65,29643
9022,James Harris,41,43077
9023,Susan Young,89,84792
9024,Christina Schultz,12,60751
9025,Kevin Salinas,82,49094
9026,Zoe Thomas,76,19074
9027,Natasha Bishop,100,2220
9028,Krista Roberts,7,25113
9029,Tara Evans,64,66366
9030,Jessica Dominguez,15,15885
9031,Elizabeth Holland,24,77878
9032,Nicholas Chandler,25,63849
9033,Tricia Butler,59,7431
9034,Amy Hunter,19,88090
9035,Desiree Brooks,88,14693
9036,Michael West,91,58087
9037,Monica Williams,60,92122
9038,Brian Ward,23,47189
9039,Richard Bailey DVM,11,35122
9040,Mark Rivera,88,45714
9041,Gregory Munoz,96,16222
9042,Samantha Warren,71,87092
9043,Mr. Gregg Edwards,89,89921
9044,Jordan Bryant,33,85511
9045,Jennifer Hill,32,99075
9046,Gina Miles,85,70871
9047,Brian Vargas,37,24209
9048,Juan Chang,24,72096
9049,Bonnie Hansen,59,50419
9050,Richard Smith,80,33026
9051,Isabella Orozco,78,34308
9052,Amanda Miller,91,9685
9053,Andrew Thompson,94,17298
9054,Mike Haynes,41,9256
9055,Adam Martinez,42,88875
9056,Brent Gutierrez,4,40824
9057,Elizabeth Rangel,25,49117
9058,Sara Williams,9,90516
9059,Kristen Peterson,16,77915
9060,Adrian Bell,46,90981
9061,Valerie Lam,75,8238
9062,John Adams,59,80510
9063,Kimberly Thomas,69,2352
9064,Brandon Walker,37,50499
9065,Franklin Clark,10,62889
9066,Matthew Turner,33,39248
9067,Anthony Harrison,76,17749
9068,Deborah Morrison,18,37977
9069,Julian Mendez,24,47493
9070,Alexander Brooks,60,60390
9071,Rebecca Johnson,46,46010
9072,James Thomas,38,97477
9073,Debbie Thomas,12,49809
9074,Mrs. Grace Kirk MD,37,23925
9075,Juan Henderson,17,15707
9076,Tiffany Morgan,12,93434
9077,Kimberly Taylor,59,23378
9078,Megan Lozano,31,66311
9079,Dylan Carr,71,3971
9080,Ellen Edwards,61,36977
9081,Carmen Burns,16,19506
9082,David Larsen,43,91807
9083,Cristina Melton,90,18319
9084,Aaron Davidson,98,2643
9085,Cassandra Sloan,82,19739
9086,Ellen Norris,21,31573
9087,Joshua Lin,54,63678
9088,Margaret Ayala,83,67028
9089,Jocelyn Graham,9,38400
9090,Tammy Myers,35,46018
9091,Richard Fox,2,70067
9092,Leslie Wagner,89,53385
9093,Caitlin Cardenas,89,95951
9094,Alicia Mercado,65,5017
9095,Pamela Kelley,24,30627
9096,Jason Jones,12,35040
9097,Paul Jackson,62,94150
9098,Barbara Burch,17,33159
9099,Barry Hill,9,61163
9100,Miss Teresa Conrad,39,54300
9101,Sean Stewart,46,59624
9102,Rhonda Smith MD,17,65526
9103,Troy Hughes,46,49290
9104,Amanda Lamb,98,26370
9105,Christopher Martinez,56,82763
9106,Nancy Terry,100,47238
9107,Rebecca Edwards,67,51190
9108,Julie Jones,69,96767
9109,Angela Bentley,73,89799
9110,Clarence Orozco,8,4271
9111,Kathy Daniel,1,12058
9112,Ryan Hayes,94,62430
9113,Richard Lang,9,21532
9114,Mark Robinson,40,57751
9115,Alicia Richardson,38,97310
9116,John Taylor,22,16183
9117,Anthony Vega,72,14186
9118,Jeremiah Bush,29,9845
9119,William Salazar,55,26342
9120,Olivia Bartlett,36,75191
9121,Katherine Adams,75,57017
9122,Jenna Wagner,33,6180
9123,Stephanie Weeks,16,87197
9124,Stacey Hays,12,6316
9125,Connie Roberts,12,25323
9126,Bradley Smith,14,81467
9127,Julie Hudson,83,71140
9128,Tyler Fields,46,25506
9129,Brianna Herrera,41,33223
9130,Kyle Young DDS,14,31484
9131,Linda Miller,41,25851
9132,Gina Watson,72,66083
9133,Danielle Jones,8,73986
9134,David Davis,36,60573
9135,Angela Oliver,42,44445
9136,Angel Rodriguez,43,36033
9137,Carolyn Miller,70,12930
9138,Brian Brown,51,54881
9139,Jason Molina,28,85404
9140,Nicole Morris,31,67211
9141,Jorge Schwartz,44,7392
9142,Leslie Walton,74,54981
9143,Linda Horton,46,16154
9144,Victoria Hunt,68,70306
9145,Sharon Roberts,16,1650
9146,Laura Golden,75,22614
9147,Christopher Nash,62,55317
9148,Gary Cortez,63,72843
9149,Brooke Miller,67,41222
9150,Samantha Lamb,25,42510
9151,Luis Young,36,27879
9152,Kristin Bond,82,62510
9153,Cheryl Dyer,54,27759
9154,Kelsey Leblanc,19,60887
9155,Shawn Lucas,84,18027
9156,Diane Thomas DVM,12,51702
9157,Brittany Holmes,53,26974
9158,Brittany Clark,75,80742
9159,Jennifer Evans,25,36971
9160,Anna Johnson DVM,33,10455
9161,Samantha Richmond,41,43580
9162,Logan Simpson,2,46399
9163,Elizabeth Smith,90,62545
9164,Karen George,94,19190
9165,Keith Stokes,97,3032
9166,Tracy Cruz,26,10500
9167,Joshua Roman,56,36484
9168,Kristina Johnson,99,49158
9169,Mr. Greg Knox,21,39579
9170,Stacey Johnson,81,17355
9171,Brenda Doyle,18,7848
9172,Jacob Collins,81,52031
9173,Michael Cook,71,42706
9174,Angela Mcintosh,20,25550
9175,Joseph Ortega,4,14411
9176,Thomas Aguilar,98,52226
9177,Christopher Tran,69,88792
9178,Sara Powell,82,70980
9179,Jeffrey Fleming,96,46074
9180,Gerald Chang,10,21012
9181,Lori Wallace,21,97448
9182,Javier Hammond,80,17329
9183,James Gardner,86,52811
9184,Kim Miller,80,54609
9185,Kelly Hernandez,4,21832
9186,Melissa Long,95,4928
9187,Stephen Willis,15,75235
9188,Allen Fields,48,70314
9189,Amanda Long,29,79775
9190,Daniel Joseph,2,24802
9191,Nichole Foster,28,28670
9192,Nathan Coleman,80,10835
9193,Evan Wong,95,2684
9194,Tammy Hayes,15,60535
9195,Kyle Chang,46,53609
9196,Charles Parker,81,74217
9197,Jasmine Meyers,36,8504
9198,Edward Ballard,33,54335
9199,Christy Smith,1,29727
9200,Cindy Hampton,73,46102
9201,Eric Brown,51,36677
9202,Kelly Middleton,17,26918
9203,Brenda Castro,89,83690
9204,Steven Wright,96,89604
9205,Shari Lewis,85,28990
9206,Richard Buchanan,16,79978
9207,Amy Watts,72,86978
9208,Nicole Rodriguez,87,65312
9209,Elizabeth Johnson,3,11115
9210,Maria Adams,18,76210
9211,Tracey Kelly,62,27985
9212,Ronald Mercado,36,80942
9213,David Ortiz,96,54056
9214,Tasha Jones,62,84327
9215,Pamela Davis,77,23158
9216,Travis Jones,1,70716
9217,Paula Neal,6,2535
9218,Peter Hernandez,38,75077
9219,Melissa Benson,76,34772
9220,Vernon Gonzales,54,13136
9221,Brandon Haney,44,40205
9222,William Odonnell,80,32867
9223,Mark Coffey,84,49436
9224,Peter Taylor,48,90448
9225,Shawn Brown,31,23355
9226,David Turner,84,87857
9227,Kimberly Price,85,15082
9228,Laura Good,16,63333
9229,Chad Fields,84,9524
9230,Natalie Riley,2,35148
9231,Jennifer Diaz,42,22279
9232,Rebecca Delgado,27,94102
9233,Mr. Justin Roberts,16,2787
9234,Amy Torres,11,36215
9235,Eric Thomas,59,43425
9236,Jorge Wallace,21,73004
9237,David Harris,15,90936
9238,Todd Williams,52,19897
9239,Nancy Harris,14,37057
9240,Michael Benton,30,72057
9241,Chelsea Baker,28,71432
9242,Katherine Jones,89,85495
9243,Joseph Freeman,32,26627
9244,Joshua Robinson,83,57720
9245,Theresa Carlson,84,57910
9246,Laura Gardner,17,24322
9247,Andrea Blackwell,65,49563
9248,Jacqueline Williams,23,11555
9249,Jack Osborne,1,55239
9250,Ricardo Smith,55,26308
9251,Morgan Williams,30,68202
9252,Cassandra Johnson,67,60333
9253,Lindsey Dillon,88,1450
9254,Stephanie Young,21,16229
9255,Jason Potter,74,61700
9256,Melissa Nash,45,1366
9257,Brittany Kim,2,39746
9258,Amber Sloan,28,23454
9259,Robert Rose,35,33358
9260,Nicholas Allen,61,21676
9261,Robert Krueger,30,51282
9262,Jessica Bishop,93,96493
9263,Joseph Khan,62,68699
9264,Amanda Wade,49,88576
9265,Misty Freeman,60,47206
9266,Michael Brown,14,66164
9267,James Townsend,12,78895
9268,Cynthia Payne,43,13374
9269,Aaron White,88,27175
9270,Timothy Davis,8,36863
9271,Crystal Taylor,62,22672
9272,Arthur Wright,80,37888
9273,Carolyn Brown,79,46491
9274,Thomas Sherman,27,88578
9275,Alicia Nelson,57,22480
9276,Veronica Dunn,81,56451
9277,Kelly Mcintyre,81,23601
9278,Michael Orr,79,79337
9279,Jennifer Ashley,100,45815
9280,Benjamin Mills,15,73021
9281,Gary Mccormick,43,39175
9282,Stephen Colon,6,76202
9283,Brenda Alvarez,93,96326
9284,Jessica Hill,45,84902
9285,Margaret Velasquez,77,68112
9286,Samuel Sawyer,51,44823
9287,Miss Kimberly Lawson,56,83209
9288,Ryan Church,73,18515
9289,Michelle Martinez,12,49083
9290,Mr. Anthony Ross MD,37,54529
9291,Brian Watkins,45,29349
9292,Katie Gonzalez,15,32756
9293,Robert Acevedo,81,39941
9294,Travis Hobbs,96,72908
9295,Rachel Williams,4,12754
9296,Natasha Johnson,35,69678
9297,Julie Gonzales,46,13561
9298,Colleen Johnson,69,44478
9299,Mrs. Danielle Anderson,90,42006
9300,Richard Smith,48,87537
9301,Anthony Chavez,69,6662
9302,Martha Henry,32,50512
9303,Shawn Wright,19,25334
9304,Lawrence Trevino,22,92617
9305,Abigail Goodman,57,49215
9306,James Davis,47,62510
9307,Malik Carr,43,34881
9308,Deborah Rowe,72,37189
9309,Timothy Flores,68,73704
9310,Carl Macdonald,64,85525
9311,Jose Green,60,46564
9312,Kristi Wilson,72,27284
9313,Shawn Faulkner,89,50717
9314,Kenneth Lee,43,85892
9315,Eric Davis,74,11043
9316,Lisa Jones,27,49971
9317,Christopher Santiago,88,51819
9318,Nicole Phillips,100,78876
9319,Carolyn Walton,80,6750
9320,Zachary Campbell,54,85287
9321,Larry Bowen,28,93693
9322,Rebecca Jacobs,93,4181
9323,Christina Morales,25,57526
9324,Robin Lee,76,71988
9325,Jacqueline Reed,60,18883
9326,Grace Robertson,5,52275
9327,Catherine Kent,17,87172
9328,Amanda White,60,38692
9329,Anita Horn,50,15762
9330,Alexandria Walker,67,37543
9331,Brooke Ali,83,48679
9332,Cheryl Dunlap,49,19006
9333,Thomas Costa,53,62139
9334,Christopher Dawson,95,87406
9335,Brandon Dudley,66,93972
9336,Rachel Carroll,5,30564
9337,Calvin Adams,67,46167
9338,Maria Krause,95,12526
9339,Timothy Adams,92,5411
9340,Allison Mcneil MD,54,65562
9341,Joshua Martinez,51,16200
9342,Michael Logan,38,56062
9343,Megan Beck,4,33069
9344,Catherine Smith,83,98763
9345,Sheri Nichols,6,32692
9346,John Bailey,47,14700
9347,Carol Zimmerman,44,87773
9348,Angela Harvey,63,6914
9349,Michael Rangel,3,25256
9350,Martin Adams,7,16725
9351,Jennifer Young,100,78985
9352,Michael Hill,6,99959
9353,Joseph Martin,20,98411
9354,Alejandra Stone,22,59359
9355,Michael Wagner,62,85380
9356,Miranda Johnson,54,64957
9357,Stephen Owens,2,75684
9358,Kendra Swanson,27,10783
9359,Theresa Chavez,73,47383
9360,William Hernandez,54,89638
9361,Mary Chase,25,47579
9362,Melanie Barnes,21,78876
9363,Jeffrey Martin,64,97209
9364,Lori Crane,87,82301
9365,John Carter,9,12216
9366,Robin Mack,22,16587
9367,Rebecca Bailey,100,87571
9368,Jack Nelson,10,8403
9369,Amanda Martinez,45,48603
9370,Kurt Johnson,53,39913
9371,Abigail Tanner,24,78242
9372,Paul Hernandez,64,86712
9373,Glen Lucas,41,48915
9374,Tristan Dominguez,79,84319
9375,Madison Wood,40,73774
9376,Jennifer Barrera,99,4484
9377,Erik Golden,58,66839
9378,Johnathan Griffin,93,38283
9379,Christopher Nolan,18,6784
9380,Dr. Justin Joseph,45,60403
9381,Monica Rivera,41,18870
9382,Sierra Williams,26,46772
9383,Jennifer Romero,74,23173
9384,Lori French,6,12513
9385,Mark Bowen,78,61957
9386,Benjamin Phillips,62,27279
9387,Jessica Schwartz,20,27347
9388,Ronald Lyons,2,29077
9389,Xavier Hutchinson,36,51894
9390,Sabrina Booth,70,9266
9391,Aimee Lang,14,31980
9392,Jasmine Gomez,34,51677
9393,Wayne Bailey,60,69776
9394,Robert Newton,41,49555
9395,Corey Moore,38,94820
9396,Andrew Lewis,12,42515
9397,Melinda Cole,28,40904
9398,Travis Larson,52,10348
9399,Sarah Moore,50,14868
9400,Jennifer Lin,85,68658
9401,Angel Nguyen,36,74605
9402,David White,76,27575
9403,Kathy Adams,89,13450
9404,Alison Morales,95,28471
9405,Peter Little,98,66635
9406,Sandra Smith,92,25969
9407,James Long,86,34807
9408,Dr. Laura Andrews DDS,14,53542
9409,Sarah Rollins,5,89578
9410,Brandon Roberts,95,53770
9411,Michelle Lang,34,88856
9412,Joseph Williams,15,18504
9413,Bradley Walker,94,57504
9414,Melissa Butler,82,39612
9415,Joe Wagner,40,54222
9416,Stephanie Sullivan,12,52253
9417,Raymond Adams,37,76306
9418,Jesus Davis,38,86485
9419,James Willis,81,18311
9420,Christopher Phillips,86,45831
9421,Tyler Adams,96,33878
9422,Kristin Everett,97,65750
9423,Christopher Haley,81,87678
9424,John Stevenson,50,25664
9425,John Thompson,35,12812
9426,Mary Gonzalez,94,1886
9427,Linda Rivera,84,68650
9428,Guy Burnett,91,23449
9429,Ashley Ballard,38,8933
9430,Terry Gardner,69,59254
9431,Nicole Thomas,89,60368
9432,Sandra Thomas MD,97,87736
9433,Cameron Cardenas,43,88778
9434,Thomas Ramirez,82,56828
9435,Larry Bailey,6,69256
9436,Mark Oconnor,67,65910
9437,Susan Lee,91,62644
9438,Joseph Taylor,37,40991
9439,Brian Taylor Jr.,64,20978
9440,Ryan Chen,10,32231
9441,Elizabeth Holland,15,20215
9442,Carlos Adams,76,24489
9443,Randall Hess,9,81606
9444,Antonio Martinez,33,5091
9445,Ian Diaz,62,44287
9446,Christine Sanders MD,21,38541
9447,Allison Jones,18,90784
9448,Taylor Cowan,92,38459
9449,Sarah Johnson,93,70806
9450,Lisa Bowers,21,39523
9451,Daniel Dawson,49,65127
9452,Maria Bell,55,31064
9453,Michael Hopkins,18,10536
9454,Cory Bradford,49,15253
9455,Nancy Carrillo,77,14445
9456,Thomas Kramer,17,80909
9457,John Espinoza,62,1915
9458,Mark Nguyen,17,36097
9459,Christian Scott,21,13054
9460,Michelle Barnes,31,1337
9461,Tiffany Rich,99,39648
9462,Jessica Summers,37,9905
9463,Nancy Mata,49,34085
9464,Margaret Peterson,70,66729
9465,Jose Martinez,44,81470
9466,Lisa Davis,46,81426
9467,Ashley Arellano,28,51718
9468,Patricia Gonzalez,51,70237
9469,Tracy Jackson,28,51228
9470,Edward Rhodes,2,6758
9471,Molly Schaefer,25,49314
9472,Stephanie Ortiz,71,83968
9473,Dawn Yoder,63,14048
9474,Paul Savage,30,40320
9475,Karen Walker,100,10083
9476,John Morales,86,61571
9477,Anthony Hubbard,45,31951
9478,Edward Griffith,93,37106
9479,Andrew Dougherty,45,50327
9480,Wendy Davis,15,69531
9481,Christopher Gibbs,76,70668
9482,Brittany Rojas,43,70722
9483,Johnathan Barnett,91,63727
9484,Kayla Shepard,86,39022
9485,Tyler Miller,61,55353
9486,Tommy Kaiser,50,85969
9487,Timothy Garcia,49,22855
9488,Donna Ross,10,2511
9489,William Davis,42,87895
9490,Mark Payne,50,7289
9491,Mario Brown,71,69983
9492,Bradley Lewis,99,2016
9493,Patricia White,96,71028
9494,Michelle Jenkins,8,83869
9495,Brooke Reed,84,24546
9496,Martha Rivera,47,54732
9497,Antonio Ruiz,2,41828
9498,Craig Summers,100,6482
9499,Curtis Evans,58,24772
9500,Daniel Atkins,93,52877
9501,Gina Ellison,39,54813
9502,Melinda Garcia,11,88637
9503,John Grant,18,6692
9504,Adam Briggs,100,81331
9505,David Valentine,17,40127
9506,David Hester,66,49573
9507,Jason Stuart,74,73206
9508,Virginia Snyder,70,36440
9509,Alicia Melton,48,12445
9510,John Rodriguez,66,7987
9511,Donald Carroll,36,75326
9512,Matthew Griffin,27,73304
9513,Joshua Perry,37,21727
9514,Daniel Smith,94,59748
9515,Jacqueline Stevens,73,18165
9516,Tanya Lopez,2,97809
9517,Gabrielle Weeks,35,36600
9518,David Hopkins,59,15546
9519,Sandra Willis,41,45999
9520,Stacy Williams,22,46085
9521,Bianca Wilkins,14,65619
9522,Stephen Hinton,49,36792
9523,Jennifer Brown,23,20050
9524,Michael Tyler,2,73305
9525,Michelle Green,15,28372
9526,Emily Andersen,49,64827
9527,Joshua Mendez,75,31753
9528,William Nicholson,20,32574
9529,Arthur Rodriguez,97,57054
9530,Michelle Powell,40,10305
9531,Carrie King,54,72113
9532,Mrs. Kelly Brown,45,52261
9533,Bianca Burton,6,75445
9534,Jesse Dixon,42,11877
9535,Crystal Mccall,30,46433
9536,Nathan James,73,25396
9537,Tina Martinez,25,42997
9538,Steven Drake,35,6903
9539,Julia Cantu,23,44778
9540,Jessica Barry,44,9533
9541,Marc Zimmerman,34,7011
9542,Monique Cook,56,20468
9543,Natalie Rodriguez,100,44018
9544,Donald Bryant,1,75139
9545,Michelle Mcmahon,22,72381
9546,Robert Roberts,49,30522
9547,Frank Potter,78,71912
9548,Miss Mary Patton,10,66898
9549,Shawn Smith,70,65692
9550,Amy Parker,68,87726
9551,Kayla Allen,69,75760
9552,Lauren Peters,9,18094
9553,Margaret Walker,69,83891
9554,Lauren Taylor,14,42704
9555,Michael Foley,87,16413
9556,Richard Anderson,32,79220
9557,Jonathan Bowen,43,80392
9558,Alicia Gentry,2,96283
9559,Samuel Stephenson,56,50684
9560,Chase Mitchell,27,58411
9561,Kaylee Garcia,97,97764
9562,Amanda Mckay,84,89421
9563,Christopher Smith,23,53870
9564,Mary Miller,8,5109
9565,Glenn Duncan,93,76194
9566,Lauren Ayala,32,63181
9567,Melanie Davis DDS,76,60653
9568,Terry Stewart,10,33835
9569,Angelica Romero,37,87858
9570,Kari Marks,31,44270
9571,James Wheeler,7,49150
9572,Ana Mcpherson,62,3817
9573,Brian Dougherty,8,75416
9574,Diane Lamb,12,48057
9575,Nicole Guerrero,27,23086
9576,James Anderson,86,45870
9577,Kevin Hernandez,66,19541
9578,Angela Hall,26,37897
9579,Emily Maldonado,51,87474
9580,Rhonda Lee,31,13130
9581,Wanda White,27,5674
9582,Bethany Gray,2,91591
9583,Steven Clark,93,42732
9584,John Keith,37,41686
9585,Kenneth Nelson,84,64391
9586,Julia Garrett,56,30944
9587,James Bradford,19,6506
9588,Kenneth Hurley,68,15352
9589,Christina Sparks,41,15077
9590,Charles Douglas,65,52613
9591,Lisa Hunter,6,40705
9592,Donald Kennedy,18,38713
9593,Robert Soto,79,35861
9594,Kayla Green,86,88310
9595,Kyle Pittman,59,4781
9596,Daniel Delgado,95,70705
9597,Michael Hopkins,47,20568
9598,Erica Riley,51,5065
9599,Christopher Carlson,30,85556
9600,Tammy Wilkins,20,36360
9601,Christine Cardenas,1,39996
9602,Barbara Frazier,59,37387
9603,Brian Garrett,6,96811
9604,Robin Johnson,61,74046
9605,Sean Mcdonald,61,26834
9606,James Knapp,18,89862
9607,Michael White,3,6259
9608,Gregory Perez,45,86247
9609,Michael Howell,53,17029
9610,Stephen Gonzales,91,53717
9611,Vanessa Horn,60,54733
9612,Amy Winters,57,62162
9613,Shelby Ramos,58,89059
9614,Bridget Walton,56,6562
9615,Judy Thompson,33,32104
9616,Daniel Bradley,11,47150
9617,Lori Rodriguez MD,7,58599
9618,Rebecca Webb,24,6471
9619,Jenna Murphy,62,97130
9620,Thomas Cooper,21,25430
9621,Michelle Adkins,78,25358
9622,Tracey Weeks,94,90779
9623,Ryan Lee,76,8248
9624,Amanda Nguyen,73,88396
9625,Amanda Young,81,88631
9626,Christopher Huber,57,23770
9627,Andrew Blanchard,90,14245
9628,Richard Clark,64,68861
9629,Joseph Gilmore,83,63945
9630,Stephanie Rush,96,43583
9631,Heather Ramos,43,43114
9632,Vanessa Carlson,61,16054
9633,Jodi Wright,51,26854
9634,Brian Mitchell,38,57986
9635,Jeanne Lewis,39,19144
9636,Pamela Curry,11,73700
9637,Richard Lopez,20,61626
9638,Kristopher Evans,53,74515
9639,Robert Hernandez,71,46432
9640,Cynthia Meyer,63,83222
9641,Annette Williams,39,1842
9642,Erica Smith,44,51319
9643,Jared Macias,3,64514
9644,Lisa Chan,66,97125
9645,Ryan Owens,66,87149
9646,Shannon Davis,1,72266
9647,Shannon Ross,43,45077
9648,Tyler Donovan,80,7979
9649,Peter Oconnor,13,24019
9650,Natalie Mcdonald,19,67351
9651,Mr. Jeffrey Kirk,54,55036
9652,Lauren Crawford,77,69937
9653,Adam Jordan,68,74647
9654,Emily Kennedy,11,36057
9655,Daniel Reed,33,19907
9656,Amanda Gomez,56,73627
9657,Jared Wright,54,22415
9658,Richard Gomez,41,55897
9659,Amber Grant,53,94811
9660,Mary Nelson,87,47187
9661,Gabriel House,82,5789
9662,Carolyn Rhodes,55,79743
9663,John Reynolds,47,96001
9664,Vanessa Krueger,86,26196
9665,Amy Koch,42,30791
9666,Erin Eaton,51,81764
9667,Amy Paul,53,47790
9668,Dr. Michele Smith MD,11,20760
9669,Joshua Ford,10,82780
9670,Angel Peters,40,58754
9671,Kayla Meyer,50,75773
9672,Kathy Mueller,74,87898
9673,Mark Aguilar,37,73694
9674,Lori Lambert,3,43099
9675,Edward Robinson,30,34828
9676,Ruth Martinez,62,35521
9677,Mr. Douglas Bean,6,50415
9678,Julie Webb,28,40111
9679,Brenda Stein,85,95051
9680,Alexandria Garcia,12,71542
9681,Shannon Hogan,100,33035
9682,Christopher Kim,65,8117
9683,Mary Baxter,54,18599
9684,Paul Chambers,16,16179
9685,Lindsey Copeland,93,12969
9686,Sarah Colon,52,32824
9687,Dawn Fox,7,72259
9688,Shane Pena,13,79403
9689,Maria Johnson,32,95756
9690,Jay Foster,25,95038
9691,Paul Camacho,7,86127
9692,Matthew Bishop,74,34789
9693,Sabrina Lozano,58,93595
9694,Evan Nelson,94,43417
9695,Dalton Brown,81,53052
9696,Jasmin Burton,22,76185
9697,Matthew Boyle,12,58264
9698,Amber Nichols,14,9589
9699,Sue Johnson,43,42764
9700,Anthony Taylor,17,93266
9701,Danielle Landry,95,31849
9702,Chad Johnson DDS,82,94349
9703,Courtney Sandoval,98,87448
9704,Crystal Davis,23,57186
9705,Tamara Park,59,11136
9706,James Jefferson,14,25561
9707,Kathy Smith,98,39090
9708,David Smith PhD,92,69418
9709,Joseph Kelly,13,93138
9710,Tiffany Weiss,58,86690
9711,Richard Ayers,20,76901
9712,Gabrielle Morgan,93,5761
9713,Hailey Hopkins,37,74364
9714,Erin Patel,53,37847
9715,Kelly Powell,88,91888
9716,Mr. Frederick Simon MD,65,40001
9717,Brent Conrad,67,77874
9718,David Gomez,12,73502
9719,Victoria Freeman,77,40940
9720,Jenna Miller,27,72901
9721,Julie Brown,19,38228
9722,Alexander Walker,67,45965
9723,Ashley Turner,73,56990
9724,Keith Cherry,96,87206
9725,Michael Palmer,57,48062
9726,Jennifer Woods,71,19360
9727,Savannah Peters,45,17805
9728,Brian Henderson,4,75392
9729,Mr. Matthew Perry,90,91949
9730,Roger Mcintyre,11,7954
9731,Penny Vasquez,73,56410
9732,Adam Smith,58,10222
9733,Timothy Anthony,7,28627
9734,Stephen Ray,40,23650
9735,Jennifer Johnson,69,89748
9736,Ashley Santiago,35,45562
9737,Michael Brooks,77,89379
9738,Robert Mitchell,78,74180
9739,Judith Best,51,44183
9740,Bryan Garcia,56,32364
9741,Angel Benitez,31,1837
9742,Jessica Lynch,25,77903
9743,Alexis Williams,75,99047
9744,Abigail Miller,18,53981
9745,Charles Anderson,51,82164
9746,Vanessa Avila,99,25088
9747,Timothy Davis,43,28181
9748,George Gregory,82,40007
9749,Amy Robinson,12,4531
9750,Tyler Lewis,29,48620
9751,Mrs. Shannon Evans MD,4,62451
9752,Brittany Cox,24,97277
9753,Daniel Garcia,83,86825
9754,Maria Rodriguez,85,90953
9755,Kristy Serrano,95,57221
9756,Mary Zimmerman,6,44671
9757,Jonathon Williams,1,65371
9758,Allison Brown,37,57335
9759,Carl Ponce,24,63109
9760,Samantha Morrison,60,76739
9761,Nicholas Booth,35,55088
9762,Stephen Proctor,95,58673
9763,Robert Andrews,32,6484
9764,William Higgins,55,51376
9765,Megan Ponce,37,19913
9766,Stephanie Beard,74,14503
9767,Michelle Harvey,24,7917
9768,Courtney Smith,27,30658
9769,Shannon Cunningham,8,87578
9770,Vanessa Bowen,72,37992
9771,Stephanie Mccarty,40,23035
9772,Vernon Foster,5,77893
9773,Mrs. Heather Cook,59,48490
9774,Sherri Hale,15,27608
9775,Taylor Collins,17,17678
9776,Ivan Miller,55,87432
9777,Timothy Graham,56,81649
9778,Erika Taylor,75,12444
9779,Carol Brown,71,31731
9780,Ms. Patricia Gibson DVM,3,17295
9781,Joseph Newton,21,72371
9782,Danny Williams,83,77929
9783,David Moore,56,57072
9784,Katrina Matthews,55,67605
9785,Angela Wells,98,64321
9786,Zachary Lin,1,40466
9787,John Bailey,71,1279
9788,Caitlin Gilmore,17,49179
9789,Troy Campbell,20,28814
9790,Troy Velez,90,55566
9791,Kevin Thompson,65,21407
9792,Audrey Mendoza,61,92641
9793,Dawn Ferguson,61,47444
9794,Heather Robinson,36,37397
9795,Christopher Alvarado,25,39027
9796,Nathan Williams,26,34885
9797,Stephanie Moran,100,42916
9798,Valerie Adkins,75,99022
9799,Kerry Hall,87,2772
9800,Steven Cruz,56,5041
9801,Charles Oliver,57,35323
9802,Abigail Johnson,85,75495
9803,Charles Skinner PhD,10,65690
9804,Claudia Rodriguez,22,85181
9805,Ruben Dougherty,88,71368
9806,Jennifer Anderson,55,96660
9807,Jaime King,38,90940
9808,Mrs. Jenny Horne,55,97757
9809,Colleen Day,55,61808
9810,Alison Lopez,60,91598
9811,Denise Lawson,100,14879
9812,Matthew Ochoa,64,76919
9813,Stuart Melendez,28,26686
9814,Lisa Wilkins,73,18134
9815,Wesley Nunez,78,68244
9816,Jamie Gonzalez,7,34369
9817,Annette Brown,5,3413
9818,Daniel Vaughn,92,59636
9819,Cynthia Daniels,7,26907
9820,Kathleen Crawford,46,69569
9821,Jordan Lopez,83,39998
9822,Christina Hall,67,71930
9823,Richard Brown,14,96505
9824,Tiffany Ingram,26,12892
9825,Lindsay Aguilar,2,78940
9826,Erik Goodwin,79,9079
9827,Krystal Russo,57,70213
9828,Anthony Hayes,76,52058
9829,Sarah Thompson,14,45460
9830,Joseph Brown,87,75720
9831,Mark Pham,80,89793
9832,John Harris,35,21340
9833,Sally Mccarty,93,69756
9834,Destiny Clark,8,35106
9835,Sarah Walker,37,86703
9836,Elizabeth Browning,54,47387
9837,Barbara Hester,89,67098
9838,Laura Shields,57,47846
9839,Maria Smith,62,85158
9840,Catherine Higgins,27,41843
9841,Rachael Oneill,28,3366
9842,Brenda Beard,42,39293
9843,John Johnson,77,83324
9844,Russell Robinson,33,54038
9845,Dr. Robert Moss MD,21,56029
9846,Christopher Wilson,78,10190
9847,Lindsey Vega,55,74988
9848,Jennifer Johnson,26,55639
9849,Diana Roberts,5,49314
9850,Paul Curtis,76,72938
9851,Jason Odom,6,46073
9852,Leah Taylor,93,19398
9853,Lindsey Mcclure,64,89148
9854,Natasha Alvarado,99,88278
9855,Donna Wise,87,21760
9856,Gary Kramer,37,70793
9857,Erin Davis,78,95637
9858,Kelly Dyer,61,62787
9859,Hayley Johnson,62,42760
9860,Lori Lewis,1,4115
9861,Lisa Salazar,56,85921
9862,Brian Sullivan,65,71930
9863,Ashley Mcmahon,97,59531
9864,Brooke Reyes,5,94124
9865,Steven Graham,17,16052
9866,Rodney Fischer,22,87724
9867,Roberta Park,6,89423
9868,James Butler,4,76462
9869,Cody Ochoa,7,8803
9870,Victoria Porter,65,32671
9871,Ms. Jenna Patterson DDS,96,84939
9872,David Harris,59,92566
9873,Stephen Marks,42,50581
9874,Jodi Sutton MD,40,30306
9875,Miss Amber Becker,68,24870
9876,Jordan Shea,47,99301
9877,Joshua Rodriguez,73,45064
9878,Albert Villarreal,50,82535
9879,Bruce Campbell,7,67334
9880,Jeffrey Pace,4,45516
9881,Rodney Norris,10,23557
9882,Jason Bryant,46,51767
9883,Brian Hernandez,39,42402
9884,Brittany Lozano,53,2336
9885,Jason King,10,57915
9886,Kristina Cooper,6,7333
9887,Natalie Barton,41,20212
9888,Rebecca Oconnor,75,13785
9889,Austin Crosby,50,35394
9890,Andrew Burns,75,57096
9891,Samantha Wright,50,51131
9892,William Flores,56,79067
9893,Christopher Sheppard,54,64081
9894,Gary Ho,79,39407
9895,Susan Padilla,87,81761
9896,Ricardo Dominguez,65,94686
9897,Phillip Richardson,10,2509
9898,Deanna Wade,2,25160
9899,Cheryl Christian,47,16640
9900,Courtney Crawford,17,61594
9901,Leslie Young,8,42668
9902,Kelly Michael,4,27513
9903,Alexandra Jones,94,65195
9904,Ryan Price,76,34267
9905,Catherine Williams,15,75977
9906,Debra Robertson,7,69770
9907,Michael Patrick,86,38763
9908,Matthew Sexton,33,54327
9909,Christina Johnson,16,10123
9910,Vincent Johnson,40,71183
9911,Brian Serrano,37,94590
9912,Rebekah Alexander,36,22073
9913,Ebony Cruz,91,68500
9914,Heather Brewer,66,50372
9915,Mercedes Chapman,86,4195
9916,Jenna Miller,52,71464
9917,Laura Davis,11,59224
9918,Stephanie Gibson,93,9919
9919,Diane Terrell,87,71571
9920,James Palmer,24,28834
9921,Kathleen Ryan,93,2106
9922,Donald James,55,82545
9923,Tricia Hernandez,28,72416
9924,Jeffrey Hopkins,9,88387
9925,Barbara Smith,36,81241
9926,Caleb Miller,77,73444
9927,Kristin Johnson,18,16916
9928,Autumn Hobbs,18,18285
9929,Kimberly Martin,54,46027
9930,William Kelly,72,95221
9931,Curtis Porter,47,50639
9932,Patrick Moore,69,33564
9933,Lisa Anderson,86,33873
9934,Shawn Johnson,74,79850
9935,Teresa Rodriguez,78,75504
9936,Cody Wilson,32,24068
9937,Jennifer Kelly,23,97090
9938,Taylor Gibson,39,38884
9939,Timothy Hill,85,45952
9940,Kathleen Nelson,58,66937
9941,Mario Bryan,74,37338
9942,Kenneth Todd,65,58656
9943,Kimberly Davis,20,22811
9944,Cynthia King DVM,62,79771
9945,Julian Houston,15,16065
9946,Ryan Kent,22,97992
9947,Cheryl Thomas,41,6026
9948,Stephen Hernandez,69,34858
9949,Emma Bell,59,49276
9950,Jeffrey Villarreal,32,47305
9951,Brittany Riddle,6,54220
9952,Joshua Garcia,63,12784
9953,Anne Evans,90,83062
9954,Cheryl Sherman,86,7638
9955,Dustin Moore,38,13197
9956,Logan Charles,45,94716
9957,Stacy Arroyo,83,56245
9958,Carl Stevens,96,81708
9959,Taylor Walter,32,24172
9960,Carl Perry,74,28915
9961,Aaron Hood,27,37045
9962,Teresa Malone,41,49666
9963,Nicole Weeks,5,83905
9964,Robert Vaughn,96,78910
9965,Mark Hawkins,6,2472
9966,Sharon Campbell,10,84016
9967,Theresa Russo,30,85078
9968,Cristian Morris,52,64163
9969,Kathy Hull,44,38012
9970,David Mckay,24,40427
9971,Christian Davis,40,8213
9972,Jorge May,86,61983
9973,Jorge Lee DDS,36,51997
9974,Robert Jacobson,94,80582
9975,Jasmine Ayers,23,69980
9976,Heather Chen,58,53467
9977,George Murphy,60,64438
9978,Ruth Moore,9,21539
9979,Brooke Harris,71,51413
9980,Erik Fields,17,39281
9981,Mary Blevins,20,71915
9982,Manuel Harrison,34,89974
9983,Michael Schwartz,15,64429
9984,Tony Lamb,25,56986
9985,Michael Saunders,40,96835
9986,Sara Sims,64,44082
9987,Christopher Orozco,29,48416
9988,Dennis Hernandez MD,91,10002
9989,Rebecca Graham,62,65444
9990,Shane Cook,54,71134
9991,Richard Keith,77,69422
9992,Michael Owens,57,33676
9993,Ashley Briggs,86,11408
9994,Benjamin Hunt,59,29626
9995,Christopher Mills,19,8684
9996,Joshua Johnson,14,91260
9997,Martha Howard,16,36014
9998,Robert Parker DDS,95,11134
9999,Julie Scott,8,74531
